id_chamado,data_inicio,id_bairro,tipo
18517973,2023-04-01 18:03:14,81,Limpeza de logradouros
18518136,2023-04-01 19:15:24,,Guarda Municipal / Fiscalização de trânsito
18516836,2023-04-01 10:34:10,,Clínicas da Família (CF)
18516688,2023-04-01 09:53:57,,Ouvidoria SMTR
18517231,2023-04-01 12:45:19,,Hospitais (HM)
18516769,2023-04-01 10:15:43,,Clínicas da Família (CF)
18517480,2023-04-01 14:28:47,47,Remoção Gratuita
18518384,2023-04-01 22:15:38,,Conservação de vias
18518081,2023-04-01 18:51:27,,Postos de Saúde (PS)
18516568,2023-04-01 09:14:43,,Sinalização Gráfica
18516431,2023-04-01 08:25:46,144,Pavimentação
18517515,2023-04-01 14:39:56,128,Perturbação do sossego
18518241,2023-04-01 20:11:33,,Sistema Nacional de Regulação (SISREG)
18517218,2023-04-01 12:41:45,42,Limpeza e manutenção de praças e parques
18517675,2023-04-01 15:54:35,139,Iluminação Pública
18518234,2023-04-01 20:08:01,150,Iluminação Pública
18517549,2023-04-01 14:51:30,115,Iluminação Pública
18517778,2023-04-01 16:33:22,,Clínicas da Família (CF)
18516443,2023-04-01 08:28:14,,Clínicas da Família (CF)
18517448,2023-04-01 14:14:15,27,Semáforo
18517068,2023-04-01 11:49:49,141,Manejo Arbóreo
18517862,2023-04-01 17:07:08,141,Diversos - Comlurb
18518332,2023-04-01 21:13:44,,Ouvidoria RIOLUZ
18516540,2023-04-01 09:04:41,144,Pavimentação
18518358,2023-04-01 21:40:18,35,Estacionamento irregular
18516266,2023-04-01 01:32:06,,Conservação de vias
18518176,2023-04-01 19:39:36,132,Perturbação do sossego
18518147,2023-04-01 19:20:43,104,Coleta Seletiva
18516809,2023-04-01 10:26:01,144,Limpeza de logradouros
18518410,2023-04-01 22:44:30,68,Iluminação Pública
18517706,2023-04-01 16:04:17,116,Pavimentação
18518053,2023-04-01 18:38:21,142,Iluminação Pública
18517776,2023-04-01 16:31:37,149,Hospitais (HM)
18517238,2023-04-01 12:46:56,131,Estacionamento irregular
18516741,2023-04-01 10:06:46,,Sistema Nacional de Regulação (SISREG)
18517075,2023-04-01 11:52:53,,Sistema Nacional de Regulação (SISREG)
18518162,2023-04-01 19:30:44,,Ouvidoria - CMTC
18516613,2023-04-01 09:28:17,130,Sinalização Gráfica
18517118,2023-04-01 12:07:46,83,Remoção Gratuita
18517834,2023-04-01 16:55:34,,Clínicas da Família (CF)
18517320,2023-04-01 13:20:45,,Engenharia de tráfego
18516916,2023-04-01 11:05:45,,Clínicas da Família (CF)
18516713,2023-04-01 09:59:17,,Conflitos educacionais
18518122,2023-04-01 19:10:08,115,Iluminação Pública
18516285,2023-04-01 04:20:13,,Rio Saúde - CERs
18516807,2023-04-01 10:25:43,16,Diversos - Comlurb
18518417,2023-04-01 22:53:12,26,Estacionamento irregular
18517121,2023-04-01 12:08:34,141,Pavimentação
18518243,2023-04-01 20:12:40,141,Iluminação Pública
18516601,2023-04-01 09:24:37,,Inativos
18518426,2023-04-01 23:04:40,40,Remoção Gratuita
18517289,2023-04-01 13:07:16,103,Vias públicas
18516760,2023-04-01 10:13:58,45,Vias públicas
18517206,2023-04-01 12:37:43,33,Manejo Arbóreo
18517127,2023-04-01 12:10:15,141,Drenagem e Saneamento
18518002,2023-04-01 18:14:03,144,Iluminação Pública
18516267,2023-04-01 01:34:27,25,Perturbação do sossego
18517209,2023-04-01 12:38:32,42,Manejo Arbóreo
18517700,2023-04-01 16:02:39,22,Estacionamento irregular
18518387,2023-04-01 22:18:20,,Clínicas da Família (CF)
18516587,2023-04-01 09:20:43,35,Drenagem e Saneamento
18517681,2023-04-01 15:56:53,33,Mobiliário Urbano
18517802,2023-04-01 16:41:25,69,Estacionamento irregular
18516513,2023-04-01 08:55:22,,Ouvidoria SMTR
18517740,2023-04-01 16:15:41,106,Iluminação Pública
18518246,2023-04-01 20:13:58,33,Remoção Gratuita
18516723,2023-04-01 10:01:31,,Ouvidoria Rio-Águas
18517347,2023-04-01 13:31:27,99,Estacionamento irregular
18516386,2023-04-01 08:00:19,,Clínicas da Família (CF)
18516220,2023-04-01 00:20:12,106,Limpeza de logradouros
18517482,2023-04-01 14:29:38,43,Manejo Arbóreo
18516623,2023-04-01 09:31:55,,Sistema Nacional de Regulação (SISREG)
18518302,2023-04-01 20:51:20,5,Iluminação Pública
18517518,2023-04-01 14:40:50,,Regulamentações Viárias
18517519,2023-04-01 14:41:18,149,Hospitais (HM)
18518219,2023-04-01 20:01:43,,Regulamentações Viárias
18516434,2023-04-01 08:27:03,33,Estacionamento irregular
18516978,2023-04-01 11:22:20,86,Pavimentação
18517188,2023-04-01 12:32:05,132,Drenagem e Saneamento
18517066,2023-04-01 11:49:40,,Rede particular de ensino infantil
18518331,2023-04-01 21:13:37,149,Limpeza de logradouros
18517352,2023-04-01 13:33:55,151,Iluminação Pública
18518177,2023-04-01 19:40:11,156,Remoção Gratuita
18518161,2023-04-01 19:29:17,104,Iluminação Pública
18518442,2023-04-01 23:16:50,146,Iluminação Pública
18517972,2023-04-01 18:02:49,,Clínicas da Família (CF)
18518344,2023-04-01 21:31:15,140,Iluminação Pública
18518323,2023-04-01 21:09:17,156,Remoção Gratuita
18516738,2023-04-01 10:05:21,,Clínicas da Família (CF)
18517957,2023-04-01 17:55:16,,Iluminação Pública
18518141,2023-04-01 19:16:46,104,Coleta Seletiva
18517717,2023-04-01 16:07:45,,Clínicas da Família (CF)
18517971,2023-04-01 18:01:21,,Guarda Municipal / Fiscalização de trânsito
18517368,2023-04-01 13:38:49,,Carnaval
18516635,2023-04-01 09:38:01,150,Diversos - Comlurb
18518063,2023-04-01 18:41:31,,Iluminação Pública
18517057,2023-04-01 11:46:02,24,Pavimentação
18517921,2023-04-01 17:39:10,,Violência nas escolas/creches
18516224,2023-04-01 00:21:42,106,Limpeza de logradouros
18517731,2023-04-01 16:11:56,132,Solicitação de obras
18516910,2023-04-01 11:03:58,151,Solicitação de obras
18517035,2023-04-01 11:39:17,144,Solicitação de obras
18516669,2023-04-01 09:49:28,20,Manejo Arbóreo
18517080,2023-04-01 11:54:48,122,Manejo Arbóreo
18517465,2023-04-01 14:22:44,116,Manejo Arbóreo
18516354,2023-04-01 07:32:46,14,Manejo Arbóreo
18516901,2023-04-01 10:58:19,21,Manejo Arbóreo
18517164,2023-04-01 12:21:01,33,Manejo Arbóreo
18517197,2023-04-01 12:35:04,156,Manejo Arbóreo
18516773,2023-04-01 10:17:21,144,Manejo Arbóreo
18516770,2023-04-01 10:16:06,122,Manejo Arbóreo
18516580,2023-04-01 09:18:25,144,Geotecnia
18517410,2023-04-01 13:56:44,40,Estrutura de Imóvel
18517925,2023-04-01 17:39:45,66,Estrutura de Imóvel
18516867,2023-04-01 10:43:41,66,Geotecnia
18517380,2023-04-01 13:43:42,139,Estrutura de Imóvel
18517827,2023-04-01 16:52:42,132,Estrutura de Imóvel
18517332,2023-04-01 13:25:21,66,Geotecnia
18516802,2023-04-01 10:24:36,141,Drenagem e Saneamento
18516876,2023-04-01 10:48:29,151,Drenagem e Saneamento
18517609,2023-04-01 15:17:57,131,Drenagem e Saneamento
18516700,2023-04-01 09:56:33,50,Mobiliário Urbano
18516733,2023-04-01 10:04:03,50,Mobiliário Urbano
18516706,2023-04-01 09:58:03,50,Mobiliário Urbano
18516717,2023-04-01 10:00:16,50,Mobiliário Urbano
18518051,2023-04-01 18:37:12,47,Fiscalização de obras
18517640,2023-04-01 15:37:01,20,Arborização
18517499,2023-04-01 14:34:12,33,Arborização
18517817,2023-04-01 16:47:59,33,Arborização
18517646,2023-04-01 15:38:55,8,Arborização
18517412,2023-04-01 13:58:00,33,Atividades Esportivas
18516703,2023-04-01 09:56:49,128,Atividades Esportivas
18518366,2023-04-01 21:52:56,,BRT (corredor expresso de ônibus)
18516414,2023-04-01 08:15:04,,Defesa do Consumidor
18516591,2023-04-01 09:22:09,7,Pavimentação
18517142,2023-04-01 12:15:19,40,Pavimentação
18518293,2023-04-01 20:42:10,41,Pavimentação
18517543,2023-04-01 14:49:46,157,Pavimentação
18516565,2023-04-01 09:13:54,42,Pavimentação
18517546,2023-04-01 14:50:56,48,Pavimentação
18517927,2023-04-01 17:40:30,43,Pavimentação
18518450,2023-04-01 23:28:24,101,Pavimentação
18516330,2023-04-01 07:09:34,94,Pavimentação
18518416,2023-04-01 22:52:05,91,Pavimentação
18517094,2023-04-01 11:58:24,99,Pavimentação
18517176,2023-04-01 12:25:15,128,Pavimentação
18517095,2023-04-01 11:58:31,128,Pavimentação
18518186,2023-04-01 19:44:13,128,Pavimentação
18518192,2023-04-01 19:46:46,132,Pavimentação
18518164,2023-04-01 19:33:13,132,Pavimentação
18516501,2023-04-01 08:52:48,139,Pavimentação
18516422,2023-04-01 08:19:33,139,Pavimentação
18516477,2023-04-01 08:43:30,139,Pavimentação
18517378,2023-04-01 13:43:18,139,Pavimentação
18516483,2023-04-01 08:44:24,148,Pavimentação
18516489,2023-04-01 08:47:00,148,Pavimentação
18516886,2023-04-01 10:51:47,151,Pavimentação
18516947,2023-04-01 11:13:30,3,Pavimentação
18517951,2023-04-01 17:50:46,5,Pavimentação
18517501,2023-04-01 14:34:22,24,Pavimentação
18518084,2023-04-01 18:51:54,27,Pavimentação
18517507,2023-04-01 14:36:05,24,Pavimentação
18518037,2023-04-01 18:29:29,21,Pavimentação
18516731,2023-04-01 10:03:12,19,Pavimentação
18518055,2023-04-01 18:38:29,21,Pavimentação
18517977,2023-04-01 18:04:58,21,Pavimentação
18518070,2023-04-01 18:45:07,28,Pavimentação
18518089,2023-04-01 18:53:24,28,Pavimentação
18517553,2023-04-01 14:52:55,21,Pavimentação
18517581,2023-04-01 15:04:20,21,Pavimentação
18517662,2023-04-01 15:46:20,15,Pavimentação
18517950,2023-04-01 17:50:23,20,Pavimentação
18516970,2023-04-01 11:19:57,15,Pavimentação
18517426,2023-04-01 14:05:05,33,Pavimentação
18517167,2023-04-01 12:21:44,37,Pavimentação
18518031,2023-04-01 18:25:54,37,Pavimentação
18517397,2023-04-01 13:50:42,36,Pavimentação
18517470,2023-04-01 14:25:11,33,Pavimentação
18517792,2023-04-01 16:37:34,33,Pavimentação
18517739,2023-04-01 16:15:32,33,Pavimentação
18516906,2023-04-01 11:02:30,33,Pavimentação
18518441,2023-04-01 23:15:42,33,Pavimentação
18516216,2023-04-01 00:18:23,33,Pavimentação
18516185,2023-04-01 00:03:13,80,Pavimentação
18517247,2023-04-01 12:50:23,83,Pavimentação
18516986,2023-04-01 11:24:01,86,Pavimentação
18516931,2023-04-01 11:08:52,86,Pavimentação
18516561,2023-04-01 09:12:31,87,Pavimentação
18516527,2023-04-01 08:59:54,83,Pavimentação
18516524,2023-04-01 08:58:28,83,Pavimentação
18516331,2023-04-01 07:14:12,83,Pavimentação
18516831,2023-04-01 10:32:59,89,Pavimentação
18517557,2023-04-01 14:53:47,83,Pavimentação
18518142,2023-04-01 19:17:21,83,Pavimentação
18518455,2023-04-01 23:32:58,83,Pavimentação
18516957,2023-04-01 11:17:05,86,Pavimentação
18517789,2023-04-01 16:36:24,106,Pavimentação
18517803,2023-04-01 16:41:54,107,Pavimentação
18517761,2023-04-01 16:27:18,106,Pavimentação
18518247,2023-04-01 20:14:30,107,Pavimentação
18517797,2023-04-01 16:39:34,106,Pavimentação
18516929,2023-04-01 11:08:43,106,Pavimentação
18516229,2023-04-01 00:31:48,123,Pavimentação
18518329,2023-04-01 21:12:51,119,Pavimentação
18517876,2023-04-01 17:16:23,146,Pavimentação
18517319,2023-04-01 13:20:36,144,Pavimentação
18517242,2023-04-01 12:47:36,144,Pavimentação
18516606,2023-04-01 09:25:23,144,Pavimentação
18517574,2023-04-01 15:01:02,147,Pavimentação
18517129,2023-04-01 12:11:46,144,Pavimentação
18517747,2023-04-01 16:20:53,146,Pavimentação
18517298,2023-04-01 13:10:57,122,Pavimentação
18517139,2023-04-01 12:14:13,40,Pavimentação
18517322,2023-04-01 13:21:13,76,Pavimentação
18516705,2023-04-01 09:57:30,20,Pavimentação
18517192,2023-04-01 12:33:42,147,Pavimentação
18516814,2023-04-01 10:27:41,10,Drenagem e Saneamento
18516259,2023-04-01 01:19:36,55,Drenagem e Saneamento
18516447,2023-04-01 08:29:20,41,Drenagem e Saneamento
18516605,2023-04-01 09:25:14,46,Drenagem e Saneamento
18517120,2023-04-01 12:08:31,44,Drenagem e Saneamento
18516581,2023-04-01 09:18:26,99,Drenagem e Saneamento
18517136,2023-04-01 12:13:16,72,Drenagem e Saneamento
18518008,2023-04-01 18:16:09,132,Drenagem e Saneamento
18518061,2023-04-01 18:41:03,132,Drenagem e Saneamento
18518173,2023-04-01 19:36:59,132,Drenagem e Saneamento
18517660,2023-04-01 15:43:46,132,Drenagem e Saneamento
18517513,2023-04-01 14:39:18,148,Drenagem e Saneamento
18517900,2023-04-01 17:28:16,151,Drenagem e Saneamento
18517194,2023-04-01 12:34:07,151,Drenagem e Saneamento
18517003,2023-04-01 11:28:30,5,Drenagem e Saneamento
18517526,2023-04-01 14:43:59,4,Drenagem e Saneamento
18516482,2023-04-01 08:44:03,24,Drenagem e Saneamento
18517798,2023-04-01 16:39:54,25,Drenagem e Saneamento
18516455,2023-04-01 08:31:24,20,Drenagem e Saneamento
18517940,2023-04-01 17:47:17,20,Drenagem e Saneamento
18517495,2023-04-01 14:33:13,33,Drenagem e Saneamento
18517180,2023-04-01 12:26:15,33,Drenagem e Saneamento
18517607,2023-04-01 15:16:36,38,Drenagem e Saneamento
18517004,2023-04-01 11:29:09,33,Drenagem e Saneamento
18517680,2023-04-01 15:56:53,38,Drenagem e Saneamento
18518414,2023-04-01 22:48:33,33,Drenagem e Saneamento
18517481,2023-04-01 14:29:34,33,Drenagem e Saneamento
18517493,2023-04-01 14:32:56,33,Drenagem e Saneamento
18516478,2023-04-01 08:43:34,37,Drenagem e Saneamento
18516651,2023-04-01 09:44:28,35,Drenagem e Saneamento
18517592,2023-04-01 15:10:48,68,Drenagem e Saneamento
18517620,2023-04-01 15:24:40,69,Drenagem e Saneamento
18517742,2023-04-01 16:17:45,82,Drenagem e Saneamento
18517565,2023-04-01 14:56:33,86,Drenagem e Saneamento
18517745,2023-04-01 16:20:04,82,Drenagem e Saneamento
18518338,2023-04-01 21:21:57,82,Drenagem e Saneamento
18518317,2023-04-01 21:06:53,82,Drenagem e Saneamento
18517782,2023-04-01 16:35:00,113,Drenagem e Saneamento
18516643,2023-04-01 09:39:29,124,Drenagem e Saneamento
18517869,2023-04-01 17:10:41,141,Drenagem e Saneamento
18517261,2023-04-01 12:55:54,147,Drenagem e Saneamento
18517267,2023-04-01 12:59:13,147,Drenagem e Saneamento
18516553,2023-04-01 09:09:32,144,Drenagem e Saneamento
18517199,2023-04-01 12:35:26,143,Drenagem e Saneamento
18516222,2023-04-01 00:21:19,121,Drenagem e Saneamento
18518185,2023-04-01 19:43:05,132,Drenagem e Saneamento
18516951,2023-04-01 11:14:34,128,Drenagem e Saneamento
18516922,2023-04-01 11:07:19,151,Drenagem e Saneamento
18516917,2023-04-01 11:05:48,151,Drenagem e Saneamento
18517547,2023-04-01 14:51:00,139,Drenagem e Saneamento
18517508,2023-04-01 14:37:25,33,Drenagem e Saneamento
18518178,2023-04-01 19:40:26,109,Drenagem e Saneamento
18517759,2023-04-01 16:26:36,106,Drenagem e Saneamento
18517441,2023-04-01 14:11:08,108,Drenagem e Saneamento
18516294,2023-04-01 05:31:26,10,Vias públicas
18517595,2023-04-01 15:11:20,53,Vias públicas
18516818,2023-04-01 10:28:19,73,Vias públicas
18516749,2023-04-01 10:09:37,73,Vias públicas
18517053,2023-04-01 11:44:32,148,Vias públicas
18517425,2023-04-01 14:04:26,24,Vias públicas
18517762,2023-04-01 16:27:50,24,Vias públicas
18518467,2023-04-01 23:44:52,20,Vias públicas
18517099,2023-04-01 11:59:58,33,Vias públicas
18516407,2023-04-01 08:12:24,69,Vias públicas
18516879,2023-04-01 10:49:30,77,Vias públicas
18516996,2023-04-01 11:27:05,82,Vias públicas
18517752,2023-04-01 16:22:56,10,Vias públicas
18518044,2023-04-01 18:34:15,46,Vias públicas
18517784,2023-04-01 16:35:54,141,Ocupação de área pública
18516282,2023-04-01 03:56:45,149,Conservação de vias
18516283,2023-04-01 04:02:31,149,Conservação de vias
18517849,2023-04-01 17:01:47,29,Conservação de vias
18517673,2023-04-01 15:54:21,11,Programas de Saúde
18518376,2023-04-01 22:02:53,99,Programas de Saúde
18516454,2023-04-01 08:31:11,110,Programas de Saúde
18516183,2023-04-01 00:02:05,127,Programas de Saúde
18517530,2023-04-01 14:45:38,149,Programas de Saúde
18516759,2023-04-01 10:13:41,47,Programas de Saúde
18517079,2023-04-01 11:54:37,98,Programas de Saúde
18518428,2023-04-01 23:06:55,116,Programas de Saúde
18518424,2023-04-01 23:01:14,115,Programas de Saúde
18518079,2023-04-01 18:50:11,130,Programas de Saúde
18518075,2023-04-01 18:46:19,149,Programas de Saúde
18516408,2023-04-01 08:12:39,149,Programas de Saúde
18516291,2023-04-01 05:13:17,117,Programas de Saúde
18516398,2023-04-01 08:08:32,146,Programas de Saúde
18517641,2023-04-01 15:37:06,151,Programas de Saúde
18516288,2023-04-01 04:49:23,101,Programas de Saúde
18517082,2023-04-01 11:55:00,20,Controle de vetores
18517076,2023-04-01 11:53:41,144,Controle de vetores
18516795,2023-04-01 10:23:08,141,Controle de vetores
18517612,2023-04-01 15:19:49,31,Arboviroses
18517383,2023-04-01 13:45:41,31,Arboviroses
18518067,2023-04-01 18:43:57,35,Arboviroses
18516939,2023-04-01 11:11:02,99,Arboviroses
18516281,2023-04-01 03:50:09,40,Arboviroses
18516912,2023-04-01 11:04:13,59,Arboviroses
18517423,2023-04-01 14:02:46,76,Arboviroses
18516439,2023-04-01 08:27:56,130,Arboviroses
18516526,2023-04-01 08:59:43,144,Arboviroses
18517191,2023-04-01 12:33:40,143,Arboviroses
18518258,2023-04-01 20:19:30,164,Arboviroses
18518473,2023-04-01 23:49:55,150,Arboviroses
18516313,2023-04-01 06:34:32,5,Arboviroses
18517255,2023-04-01 12:53:58,158,Arboviroses
18518012,2023-04-01 18:17:31,17,Arboviroses
18516375,2023-04-01 07:54:17,57,Arboviroses
18516785,2023-04-01 10:21:21,146,Arboviroses
18517293,2023-04-01 13:09:27,12,Comércio ambulante
18516535,2023-04-01 09:02:52,82,Comércio ambulante
18516518,2023-04-01 08:56:32,82,Comércio ambulante
18516764,2023-04-01 10:14:39,40,Comércio ambulante
18517516,2023-04-01 14:40:23,83,Comércio ambulante
18516470,2023-04-01 08:40:25,124,Comércio ambulante
18517459,2023-04-01 14:20:19,20,Comércio ambulante
18517579,2023-04-01 15:02:58,20,Comércio ambulante
18517069,2023-04-01 11:50:01,128,Comércio ambulante
18517150,2023-04-01 12:17:24,128,Comércio ambulante
18517491,2023-04-01 14:31:54,14,Comércio ambulante
18516194,2023-04-01 00:04:59,14,Comércio ambulante
18516360,2023-04-01 07:39:22,10,Comércio ambulante
18518255,2023-04-01 20:19:09,10,Comércio ambulante
18516789,2023-04-01 10:21:30,18,Comércio ambulante
18516359,2023-04-01 07:39:09,24,Comércio ambulante
18518149,2023-04-01 19:21:55,125,Comércio ambulante
18517550,2023-04-01 14:52:00,144,Comércio ambulante
18516649,2023-04-01 09:43:06,146,Comércio ambulante
18517061,2023-04-01 11:47:17,,Ônibus
18516689,2023-04-01 09:54:01,131,Ônibus
18517875,2023-04-01 17:14:41,5,Ônibus
18517870,2023-04-01 17:10:52,5,Ônibus
18517885,2023-04-01 17:22:45,5,Ônibus
18516274,2023-04-01 02:27:39,109,Ônibus
18517661,2023-04-01 15:45:58,134,Ônibus
18516369,2023-04-01 07:49:24,129,Ônibus
18516379,2023-04-01 07:56:13,130,Ônibus
18517901,2023-04-01 17:28:16,150,Ônibus
18517457,2023-04-01 14:19:25,55,Ônibus
18516620,2023-04-01 09:30:58,127,Ônibus
18517635,2023-04-01 15:32:13,132,Ônibus
18516811,2023-04-01 10:26:39,101,Ônibus
18517360,2023-04-01 13:36:48,128,Ônibus
18517893,2023-04-01 17:25:27,141,Ônibus
18516428,2023-04-01 08:23:46,8,Ônibus
18517639,2023-04-01 15:36:35,33,Ônibus
18517942,2023-04-01 17:47:46,65,Ônibus
18517285,2023-04-01 13:06:32,43,Ônibus
18517767,2023-04-01 16:30:01,5,Ônibus
18516312,2023-04-01 06:33:59,128,Ônibus
18517657,2023-04-01 15:43:22,128,Ônibus
18516273,2023-04-01 02:04:49,144,Ônibus
18517117,2023-04-01 12:07:46,33,Ônibus
18517816,2023-04-01 16:47:28,24,Ônibus
18517020,2023-04-01 11:34:28,24,Ônibus
18516497,2023-04-01 08:52:21,33,Ônibus
18516761,2023-04-01 10:14:18,61,Ônibus
18516525,2023-04-01 08:59:10,130,Ônibus
18517795,2023-04-01 16:38:17,137,Ônibus
18517960,2023-04-01 17:58:29,106,Ônibus
18516841,2023-04-01 10:35:42,15,Ônibus
18517514,2023-04-01 14:39:20,20,Ônibus
18516612,2023-04-01 09:27:56,76,Ônibus
18517600,2023-04-01 15:12:56,20,Ônibus
18517502,2023-04-01 14:34:27,,Ônibus
18517263,2023-04-01 12:58:25,,Ônibus
18517022,2023-04-01 11:34:57,,Ônibus
18517954,2023-04-01 17:54:02,,Ônibus
18517928,2023-04-01 17:41:30,,Ônibus
18517424,2023-04-01 14:03:29,,Ônibus
18517385,2023-04-01 13:46:40,,Ônibus
18517253,2023-04-01 12:52:40,,Ônibus
18516774,2023-04-01 10:17:38,,Ônibus
18517838,2023-04-01 16:58:36,,Ônibus
18517225,2023-04-01 12:44:24,,Ônibus
18517329,2023-04-01 13:24:56,,Ônibus
18516324,2023-04-01 06:56:54,,Ônibus
18516946,2023-04-01 11:13:02,,Ônibus
18517260,2023-04-01 12:55:45,,Ônibus
18517443,2023-04-01 14:11:44,,Ônibus
18517333,2023-04-01 13:25:35,,Ônibus
18517375,2023-04-01 13:42:15,,Ônibus
18517939,2023-04-01 17:47:05,,Ônibus
18517395,2023-04-01 13:50:28,,Ônibus
18516500,2023-04-01 08:52:44,,Ônibus
18517598,2023-04-01 15:12:11,,Ônibus
18517760,2023-04-01 16:26:45,,Ônibus
18517509,2023-04-01 14:37:27,,Ônibus
18517359,2023-04-01 13:36:34,,Ônibus
18516920,2023-04-01 11:06:42,,Ônibus
18517545,2023-04-01 14:50:41,,Ônibus
18516900,2023-04-01 10:58:10,,Ônibus
18517969,2023-04-01 18:00:58,,Ônibus
18516464,2023-04-01 08:37:33,,Ônibus
18517337,2023-04-01 13:26:53,,Ônibus
18517556,2023-04-01 14:53:37,,Ônibus
18518040,2023-04-01 18:31:28,,Ônibus
18517349,2023-04-01 13:31:45,,Ônibus
18517485,2023-04-01 14:30:06,,Ônibus
18517239,2023-04-01 12:47:05,,Ônibus
18517864,2023-04-01 17:08:34,,Ônibus
18516400,2023-04-01 08:09:23,,Ônibus
18518285,2023-04-01 20:35:27,,Ônibus
18517078,2023-04-01 11:53:59,,Ônibus
18517043,2023-04-01 11:42:14,,Ônibus
18517041,2023-04-01 11:41:55,,Ônibus
18517523,2023-04-01 14:43:25,,Ônibus
18517753,2023-04-01 16:24:00,,Ônibus
18516969,2023-04-01 11:19:52,,Ônibus
18518181,2023-04-01 19:42:01,,Ônibus
18516246,2023-04-01 00:55:38,,Ônibus
18517989,2023-04-01 18:09:09,,Ônibus
18517208,2023-04-01 12:38:32,,Ônibus
18517321,2023-04-01 13:20:59,24,Táxi
18518209,2023-04-01 19:55:08,120,Táxi
18518195,2023-04-01 19:48:27,47,Fiscalização de obras
18516592,2023-04-01 09:22:35,20,Patrulhamento público
18517903,2023-04-01 17:29:30,79,Patrulhamento público
18517106,2023-04-01 12:03:56,122,Patrulhamento público
18518454,2023-04-01 23:32:09,74,Patrulhamento público
18518326,2023-04-01 21:10:25,5,Patrulhamento público
18518312,2023-04-01 21:02:55,77,Patrulhamento público
18517812,2023-04-01 16:46:50,139,Patrulhamento público
18518456,2023-04-01 23:34:29,140,Patrulhamento público
18518373,2023-04-01 22:00:40,26,Patrulhamento público
18517865,2023-04-01 17:08:34,15,Patrulhamento público
18518310,2023-04-01 21:02:28,24,Patrulhamento público
18516347,2023-04-01 07:27:20,20,Patrulhamento público
18516542,2023-04-01 09:05:32,82,Patrulhamento público
18517945,2023-04-01 17:48:05,9,Estacionamento irregular
18517796,2023-04-01 16:39:21,5,Estacionamento irregular
18516576,2023-04-01 09:17:54,22,Estacionamento irregular
18517055,2023-04-01 11:45:03,26,Estacionamento irregular
18517822,2023-04-01 16:50:25,24,Estacionamento irregular
18517274,2023-04-01 13:02:41,24,Estacionamento irregular
18517702,2023-04-01 16:03:45,26,Estacionamento irregular
18516658,2023-04-01 09:45:48,31,Estacionamento irregular
18516710,2023-04-01 09:58:44,50,Estacionamento irregular
18517707,2023-04-01 16:04:39,40,Estacionamento irregular
18516711,2023-04-01 09:58:55,66,Estacionamento irregular
18517033,2023-04-01 11:38:40,74,Estacionamento irregular
18518072,2023-04-01 18:45:29,93,Estacionamento irregular
18516663,2023-04-01 09:47:45,122,Estacionamento irregular
18518321,2023-04-01 21:08:08,115,Estacionamento irregular
18517512,2023-04-01 14:39:08,125,Estacionamento irregular
18517122,2023-04-01 12:08:42,144,Estacionamento irregular
18518092,2023-04-01 18:57:16,141,Estacionamento irregular
18517489,2023-04-01 14:31:36,20,Estacionamento irregular
18517555,2023-04-01 14:53:17,22,Estacionamento irregular
18517087,2023-04-01 11:56:17,23,Estacionamento irregular
18517098,2023-04-01 11:59:18,23,Estacionamento irregular
18517918,2023-04-01 17:38:38,22,Estacionamento irregular
18518289,2023-04-01 20:38:23,23,Estacionamento irregular
18517283,2023-04-01 13:05:35,24,Estacionamento irregular
18518120,2023-04-01 19:09:41,35,Estacionamento irregular
18518275,2023-04-01 20:28:27,38,Estacionamento irregular
18517417,2023-04-01 13:59:13,22,Estacionamento irregular
18517110,2023-04-01 12:04:23,23,Estacionamento irregular
18516686,2023-04-01 09:53:28,32,Estacionamento irregular
18517898,2023-04-01 17:28:06,37,Estacionamento irregular
18517902,2023-04-01 17:29:19,54,Estacionamento irregular
18517390,2023-04-01 13:49:48,63,Estacionamento irregular
18517671,2023-04-01 15:51:11,83,Estacionamento irregular
18518201,2023-04-01 19:50:18,89,Estacionamento irregular
18518356,2023-04-01 21:38:42,128,Estacionamento irregular
18517288,2023-04-01 13:07:10,131,Estacionamento irregular
18518212,2023-04-01 19:58:05,132,Estacionamento irregular
18517965,2023-04-01 17:59:54,141,Estacionamento irregular
18517400,2023-04-01 13:51:17,139,Estacionamento irregular
18517336,2023-04-01 13:26:28,22,Estacionamento irregular
18516782,2023-04-01 10:20:38,22,Estacionamento irregular
18518278,2023-04-01 20:31:43,66,Estacionamento irregular
18517959,2023-04-01 17:56:50,128,Estacionamento irregular
18516192,2023-04-01 00:04:35,128,Estacionamento irregular
18517026,2023-04-01 11:37:20,141,Estacionamento irregular
18518226,2023-04-01 20:03:41,141,Estacionamento irregular
18518020,2023-04-01 18:20:30,141,Estacionamento irregular
18518151,2023-04-01 19:22:43,144,Estacionamento irregular
18517904,2023-04-01 17:29:54,144,Estacionamento irregular
18516656,2023-04-01 09:45:26,5,Estacionamento irregular
18516352,2023-04-01 07:32:38,139,Estacionamento irregular
18517594,2023-04-01 15:11:15,18,Estacionamento irregular
18517476,2023-04-01 14:27:26,24,Estacionamento irregular
18518013,2023-04-01 18:17:40,128,Estacionamento irregular
18518009,2023-04-01 18:16:30,128,Estacionamento irregular
18518248,2023-04-01 20:14:37,125,Estacionamento irregular
18518007,2023-04-01 18:15:16,128,Estacionamento irregular
18516974,2023-04-01 11:21:31,144,Estacionamento irregular
18518137,2023-04-01 19:15:25,145,Estacionamento irregular
18516589,2023-04-01 09:21:15,7,Estacionamento irregular
18517839,2023-04-01 16:58:49,9,Estacionamento irregular
18516462,2023-04-01 08:37:00,24,Estacionamento irregular
18517092,2023-04-01 11:57:46,26,Estacionamento irregular
18518179,2023-04-01 19:40:28,33,Estacionamento irregular
18516627,2023-04-01 09:35:14,89,Estacionamento irregular
18517650,2023-04-01 15:41:06,79,Estacionamento irregular
18518380,2023-04-01 22:07:36,95,Estacionamento irregular
18518030,2023-04-01 18:25:07,124,Estacionamento irregular
18516590,2023-04-01 09:21:19,7,Estacionamento irregular
18516845,2023-04-01 10:36:18,22,Estacionamento irregular
18518365,2023-04-01 21:52:21,20,Estacionamento irregular
18517634,2023-04-01 15:32:06,22,Estacionamento irregular
18517305,2023-04-01 13:15:53,23,Estacionamento irregular
18518288,2023-04-01 20:37:45,36,Estacionamento irregular
18517406,2023-04-01 13:54:32,42,Estacionamento irregular
18518232,2023-04-01 20:06:24,125,Estacionamento irregular
18517948,2023-04-01 17:49:52,115,Estacionamento irregular
18516242,2023-04-01 00:41:32,128,Estacionamento irregular
18518218,2023-04-01 20:00:46,125,Estacionamento irregular
18516235,2023-04-01 00:36:49,128,Estacionamento irregular
18516544,2023-04-01 09:06:39,22,Estacionamento irregular
18516476,2023-04-01 08:43:24,24,Estacionamento irregular
18516800,2023-04-01 10:23:59,74,Estacionamento irregular
18517949,2023-04-01 17:50:05,99,Estacionamento irregular
18518409,2023-04-01 22:41:27,66,Estacionamento irregular
18517157,2023-04-01 12:19:07,74,Estacionamento irregular
18518268,2023-04-01 20:26:58,141,Estacionamento irregular
18517348,2023-04-01 13:31:31,91,Estacionamento irregular
18517384,2023-04-01 13:45:42,58,Estacionamento irregular
18516979,2023-04-01 11:22:35,91,Estacionamento irregular
18517772,2023-04-01 16:31:03,36,Estacionamento irregular
18516704,2023-04-01 09:57:29,36,Estacionamento irregular
18518213,2023-04-01 19:58:23,83,Estacionamento irregular
18518370,2023-04-01 21:56:48,128,Estacionamento irregular
18516307,2023-04-01 06:26:39,141,Estacionamento irregular
18518224,2023-04-01 20:02:41,125,Estacionamento irregular
18518015,2023-04-01 18:18:58,128,Estacionamento irregular
18517108,2023-04-01 12:04:13,141,Estacionamento irregular
18516219,2023-04-01 00:18:32,151,Estacionamento irregular
18516598,2023-04-01 09:23:46,17,Estacionamento irregular
18516647,2023-04-01 09:41:15,33,Estacionamento irregular
18516295,2023-04-01 05:32:23,17,Estacionamento irregular
18516747,2023-04-01 10:08:36,20,Estacionamento irregular
18518348,2023-04-01 21:35:07,20,Estacionamento irregular
18516510,2023-04-01 08:54:57,24,Estacionamento irregular
18517486,2023-04-01 14:30:06,17,Estacionamento irregular
18517334,2023-04-01 13:25:57,69,Estacionamento irregular
18516599,2023-04-01 09:24:27,58,Estacionamento irregular
18516971,2023-04-01 11:20:38,63,Estacionamento irregular
18517469,2023-04-01 14:24:59,128,Estacionamento irregular
18516673,2023-04-01 09:49:46,128,Estacionamento irregular
18517193,2023-04-01 12:34:05,128,Estacionamento irregular
18516848,2023-04-01 10:36:47,151,Estacionamento irregular
18516392,2023-04-01 08:04:53,144,Estacionamento irregular
18517308,2023-04-01 13:17:21,33,Estacionamento irregular
18517981,2023-04-01 18:05:44,35,Estacionamento irregular
18517227,2023-04-01 12:44:29,33,Estacionamento irregular
18517100,2023-04-01 12:00:42,33,Estacionamento irregular
18518363,2023-04-01 21:47:15,36,Estacionamento irregular
18517429,2023-04-01 14:06:46,38,Estacionamento irregular
18517696,2023-04-01 16:01:51,74,Estacionamento irregular
18517982,2023-04-01 18:06:04,43,Estacionamento irregular
18517844,2023-04-01 16:59:47,115,Estacionamento irregular
18516610,2023-04-01 09:27:09,18,Estacionamento irregular
18517800,2023-04-01 16:40:34,66,Estacionamento irregular
18517340,2023-04-01 13:28:25,66,Estacionamento irregular
18517785,2023-04-01 16:35:58,86,Estacionamento irregular
18516190,2023-04-01 00:04:10,66,Estacionamento irregular
18517793,2023-04-01 16:37:40,66,Estacionamento irregular
18517568,2023-04-01 14:58:09,139,Estacionamento irregular
18517350,2023-04-01 13:33:26,141,Estacionamento irregular
18518231,2023-04-01 20:06:13,141,Estacionamento irregular
18516744,2023-04-01 10:07:22,10,Estacionamento irregular
18516772,2023-04-01 10:16:56,18,Estacionamento irregular
18518016,2023-04-01 18:18:58,120,Estacionamento irregular
18517161,2023-04-01 12:19:51,144,Estacionamento irregular
18517309,2023-04-01 13:17:32,144,Estacionamento irregular
18517318,2023-04-01 13:20:20,144,Estacionamento irregular
18517386,2023-04-01 13:47:04,17,Estacionamento irregular
18517621,2023-04-01 15:24:58,78,Estacionamento irregular
18518025,2023-04-01 18:23:37,86,Estacionamento irregular
18516435,2023-04-01 08:27:28,144,Estacionamento irregular
18516539,2023-04-01 09:04:00,21,Estacionamento irregular
18517264,2023-04-01 12:58:35,22,Estacionamento irregular
18518172,2023-04-01 19:36:24,24,Estacionamento irregular
18516829,2023-04-01 10:32:37,36,Estacionamento irregular
18517466,2023-04-01 14:23:11,64,Estacionamento irregular
18516463,2023-04-01 08:37:24,59,Estacionamento irregular
18517115,2023-04-01 12:06:43,23,Estacionamento irregular
18516389,2023-04-01 08:03:47,36,Estacionamento irregular
18517905,2023-04-01 17:29:59,66,Estacionamento irregular
18517214,2023-04-01 12:39:25,128,Estacionamento irregular
18517306,2023-04-01 13:16:08,139,Estacionamento irregular
18517962,2023-04-01 17:58:49,12,Estacionamento irregular
18517335,2023-04-01 13:26:02,66,Estacionamento irregular
18517999,2023-04-01 18:13:02,66,Estacionamento irregular
18516316,2023-04-01 06:36:40,141,Estacionamento irregular
18516393,2023-04-01 08:05:13,36,Estacionamento irregular
18516336,2023-04-01 07:18:26,46,Estacionamento irregular
18516768,2023-04-01 10:15:24,128,Estacionamento irregular
18517820,2023-04-01 16:49:44,115,Estacionamento irregular
18516793,2023-04-01 10:22:42,10,Estacionamento irregular
18517964,2023-04-01 17:59:48,66,Estacionamento irregular
18516684,2023-04-01 09:53:08,122,Estacionamento irregular
18517888,2023-04-01 17:23:28,128,Estacionamento irregular
18517806,2023-04-01 16:43:35,79,Estacionamento irregular
18517852,2023-04-01 17:02:00,79,Estacionamento irregular
18517396,2023-04-01 13:50:30,53,Estacionamento irregular
18517857,2023-04-01 17:05:00,69,Estacionamento irregular
18517851,2023-04-01 17:01:57,87,Estacionamento irregular
18518004,2023-04-01 18:14:07,116,Estacionamento irregular
18517891,2023-04-01 17:24:24,121,Estacionamento irregular
18516511,2023-04-01 08:55:12,132,Estacionamento irregular
18517436,2023-04-01 14:09:31,62,Estacionamento irregular
18517000,2023-04-01 11:27:36,49,Estacionamento irregular
18516653,2023-04-01 09:44:48,69,Estacionamento irregular
18517404,2023-04-01 13:53:19,114,Estacionamento irregular
18517104,2023-04-01 12:02:37,122,Estacionamento irregular
18518352,2023-04-01 21:36:34,148,Estacionamento irregular
18517331,2023-04-01 13:25:20,139,Estacionamento irregular
18517472,2023-04-01 14:25:43,69,Estacionamento irregular
18518184,2023-04-01 19:42:45,128,Estacionamento irregular
18518322,2023-04-01 21:08:37,144,Estacionamento irregular
18516724,2023-04-01 10:01:37,89,Estacionamento irregular
18517721,2023-04-01 16:08:06,157,Estacionamento irregular
18518297,2023-04-01 20:49:31,64,Estacionamento irregular
18517355,2023-04-01 13:35:01,115,Estacionamento irregular
18516701,2023-04-01 09:56:42,69,Estacionamento irregular
18518106,2023-04-01 19:03:21,33,Estacionamento irregular
18517763,2023-04-01 16:27:59,45,Estacionamento irregular
18517614,2023-04-01 15:20:52,69,Estacionamento irregular
18517250,2023-04-01 12:51:23,122,Estacionamento irregular
18516676,2023-04-01 09:51:12,121,Estacionamento irregular
18517204,2023-04-01 12:37:33,142,Estacionamento irregular
18516537,2023-04-01 09:02:58,52,Estacionamento irregular
18517492,2023-04-01 14:32:21,101,Estacionamento irregular
18517467,2023-04-01 14:23:19,62,Estacionamento irregular
18518187,2023-04-01 19:44:29,90,Estacionamento irregular
18516310,2023-04-01 06:31:18,139,Estacionamento irregular
18517428,2023-04-01 14:06:23,119,Estacionamento irregular
18517408,2023-04-01 13:56:24,119,Estacionamento irregular
18518465,2023-04-01 23:43:55,144,Estacionamento irregular
18518391,2023-04-01 22:22:43,144,Estacionamento irregular
18517576,2023-04-01 15:01:53,121,Estacionamento irregular
18517205,2023-04-01 12:37:44,90,Estacionamento irregular
18518116,2023-04-01 19:08:12,150,Estacionamento irregular
18518277,2023-04-01 20:31:22,150,Estacionamento irregular
18517821,2023-04-01 16:50:21,,Estacionamento irregular
18516374,2023-04-01 07:53:33,7,Estacionamento irregular
18517271,2023-04-01 13:02:10,24,Estacionamento irregular
18517252,2023-04-01 12:52:17,17,Estacionamento irregular
18516989,2023-04-01 11:24:19,24,Estacionamento irregular
18517160,2023-04-01 12:19:42,18,Estacionamento irregular
18516472,2023-04-01 08:42:09,22,Estacionamento irregular
18516335,2023-04-01 07:18:11,24,Estacionamento irregular
18516506,2023-04-01 08:54:14,24,Estacionamento irregular
18516355,2023-04-01 07:33:57,24,Estacionamento irregular
18517392,2023-04-01 13:50:08,24,Estacionamento irregular
18517074,2023-04-01 11:52:50,37,Estacionamento irregular
18518308,2023-04-01 20:58:53,76,Estacionamento irregular
18516727,2023-04-01 10:02:38,40,Estacionamento irregular
18517488,2023-04-01 14:30:57,63,Estacionamento irregular
18516736,2023-04-01 10:04:52,40,Estacionamento irregular
18517843,2023-04-01 16:59:46,64,Estacionamento irregular
18517611,2023-04-01 15:19:39,120,Estacionamento irregular
18517855,2023-04-01 17:04:00,141,Estacionamento irregular
18517221,2023-04-01 12:42:48,149,Estacionamento irregular
18516617,2023-04-01 09:29:32,5,Estacionamento irregular
18517468,2023-04-01 14:23:55,24,Estacionamento irregular
18517643,2023-04-01 15:37:57,33,Estacionamento irregular
18518361,2023-04-01 21:46:38,20,Estacionamento irregular
18517422,2023-04-01 14:02:03,20,Estacionamento irregular
18517720,2023-04-01 16:08:00,29,Estacionamento irregular
18517524,2023-04-01 14:43:37,33,Estacionamento irregular
18517471,2023-04-01 14:25:28,24,Estacionamento irregular
18516707,2023-04-01 09:58:10,27,Estacionamento irregular
18516694,2023-04-01 09:54:35,40,Estacionamento irregular
18518425,2023-04-01 23:02:55,69,Estacionamento irregular
18517856,2023-04-01 17:04:07,122,Estacionamento irregular
18516895,2023-04-01 10:54:35,131,Estacionamento irregular
18516490,2023-04-01 08:49:10,131,Estacionamento irregular
18516880,2023-04-01 10:50:10,131,Estacionamento irregular
18516897,2023-04-01 10:56:09,131,Estacionamento irregular
18517159,2023-04-01 12:19:29,144,Estacionamento irregular
18516893,2023-04-01 10:54:11,152,Estacionamento irregular
18517908,2023-04-01 17:31:08,152,Estacionamento irregular
18518367,2023-04-01 21:53:35,22,Estacionamento irregular
18518320,2023-04-01 21:07:30,24,Estacionamento irregular
18518024,2023-04-01 18:23:18,18,Estacionamento irregular
18518313,2023-04-01 21:03:51,24,Estacionamento irregular
18517520,2023-04-01 14:41:23,66,Estacionamento irregular
18516832,2023-04-01 10:33:15,66,Estacionamento irregular
18517128,2023-04-01 12:11:08,74,Estacionamento irregular
18517952,2023-04-01 17:52:26,121,Estacionamento irregular
18517935,2023-04-01 17:45:05,137,Estacionamento irregular
18516965,2023-04-01 11:19:12,33,Estacionamento irregular
18516697,2023-04-01 09:55:18,40,Estacionamento irregular
18517151,2023-04-01 12:18:00,130,Estacionamento irregular
18517213,2023-04-01 12:39:22,24,Estacionamento irregular
18517586,2023-04-01 15:08:02,93,Estacionamento irregular
18517765,2023-04-01 16:28:19,101,Estacionamento irregular
18518443,2023-04-01 23:17:25,68,Estacionamento irregular
18516209,2023-04-01 00:14:03,144,Estacionamento irregular
18516409,2023-04-01 08:12:57,25,Estacionamento irregular
18517414,2023-04-01 13:58:44,24,Estacionamento irregular
18518339,2023-04-01 21:24:01,28,Estacionamento irregular
18516662,2023-04-01 09:47:32,40,Estacionamento irregular
18517840,2023-04-01 16:59:10,40,Estacionamento irregular
18517541,2023-04-01 14:49:43,53,Estacionamento irregular
18517496,2023-04-01 14:33:26,63,Estacionamento irregular
18517018,2023-04-01 11:34:18,99,Estacionamento irregular
18517991,2023-04-01 18:10:18,78,Estacionamento irregular
18517861,2023-04-01 17:06:55,132,Estacionamento irregular
18516556,2023-04-01 09:10:34,122,Estacionamento irregular
18516415,2023-04-01 08:16:37,125,Estacionamento irregular
18517067,2023-04-01 11:49:47,144,Estacionamento irregular
18516654,2023-04-01 09:45:06,50,Estacionamento irregular
18517551,2023-04-01 14:52:23,64,Estacionamento irregular
18517863,2023-04-01 17:08:12,70,Estacionamento irregular
18516552,2023-04-01 09:09:23,131,Estacionamento irregular
18517848,2023-04-01 17:01:39,122,Estacionamento irregular
18517560,2023-04-01 14:54:41,128,Estacionamento irregular
18516252,2023-04-01 01:03:21,66,Estacionamento irregular
18517109,2023-04-01 12:04:20,74,Estacionamento irregular
18516966,2023-04-01 11:19:21,90,Estacionamento irregular
18516861,2023-04-01 10:40:12,64,Estacionamento irregular
18516788,2023-04-01 10:21:31,41,Estacionamento irregular
18516616,2023-04-01 09:29:16,66,Estacionamento irregular
18518350,2023-04-01 21:35:28,120,Estacionamento irregular
18516254,2023-04-01 01:08:04,1,Estacionamento irregular
18516583,2023-04-01 09:19:00,5,Estacionamento irregular
18517774,2023-04-01 16:31:13,35,Estacionamento irregular
18517808,2023-04-01 16:44:22,78,Estacionamento irregular
18517689,2023-04-01 16:00:32,120,Estacionamento irregular
18518121,2023-04-01 19:09:53,144,Estacionamento irregular
18516607,2023-04-01 09:25:47,104,Estacionamento irregular
18517773,2023-04-01 16:31:12,144,Estacionamento irregular
18518223,2023-04-01 20:02:30,14,Estacionamento irregular
18517353,2023-04-01 13:34:06,10,Estacionamento irregular
18516495,2023-04-01 08:51:17,24,Estacionamento irregular
18518265,2023-04-01 20:23:35,26,Estacionamento irregular
18518093,2023-04-01 18:57:37,33,Estacionamento irregular
18516726,2023-04-01 10:02:10,21,Estacionamento irregular
18516181,2023-04-01 00:00:37,26,Estacionamento irregular
18518343,2023-04-01 21:30:39,35,Estacionamento irregular
18517282,2023-04-01 13:05:31,35,Estacionamento irregular
18516505,2023-04-01 08:53:50,66,Estacionamento irregular
18517648,2023-04-01 15:39:49,99,Estacionamento irregular
18517158,2023-04-01 12:19:20,79,Estacionamento irregular
18516531,2023-04-01 09:01:44,104,Estacionamento irregular
18518274,2023-04-01 20:28:13,120,Estacionamento irregular
18517432,2023-04-01 14:08:11,128,Estacionamento irregular
18516898,2023-04-01 10:56:48,153,Estacionamento irregular
18517198,2023-04-01 12:35:05,144,Estacionamento irregular
18517548,2023-04-01 14:51:26,22,Estacionamento irregular
18517929,2023-04-01 17:42:07,24,Estacionamento irregular
18516696,2023-04-01 09:55:09,20,Estacionamento irregular
18516465,2023-04-01 08:37:40,15,Estacionamento irregular
18517615,2023-04-01 15:21:00,28,Estacionamento irregular
18518059,2023-04-01 18:40:42,33,Estacionamento irregular
18517341,2023-04-01 13:28:42,33,Estacionamento irregular
18517243,2023-04-01 12:48:12,69,Estacionamento irregular
18517978,2023-04-01 18:05:13,65,Estacionamento irregular
18517988,2023-04-01 18:08:38,65,Estacionamento irregular
18518359,2023-04-01 21:41:16,74,Estacionamento irregular
18517235,2023-04-01 12:46:14,66,Estacionamento irregular
18517979,2023-04-01 18:05:16,66,Estacionamento irregular
18516270,2023-04-01 02:03:26,128,Estacionamento irregular
18516411,2023-04-01 08:13:40,15,Estacionamento irregular
18518263,2023-04-01 20:23:17,26,Estacionamento irregular
18518325,2023-04-01 21:10:19,28,Estacionamento irregular
18517642,2023-04-01 15:37:48,26,Estacionamento irregular
18518170,2023-04-01 19:35:31,135,Estacionamento irregular
18516784,2023-04-01 10:21:18,144,Estacionamento irregular
18518157,2023-04-01 19:25:55,144,Estacionamento irregular
18517998,2023-04-01 18:11:51,73,Estacionamento irregular
18518017,2023-04-01 18:19:26,122,Estacionamento irregular
18518440,2023-04-01 23:12:22,76,Estacionamento irregular
18517453,2023-04-01 14:18:31,33,Estacionamento irregular
18516341,2023-04-01 07:22:39,17,Estacionamento irregular
18517907,2023-04-01 17:30:08,33,Estacionamento irregular
18518315,2023-04-01 21:05:00,33,Estacionamento irregular
18516450,2023-04-01 08:29:52,82,Estacionamento irregular
18516743,2023-04-01 10:07:07,40,Estacionamento irregular
18517705,2023-04-01 16:04:17,120,Estacionamento irregular
18518216,2023-04-01 20:00:25,33,Estacionamento irregular
18518324,2023-04-01 21:10:03,35,Estacionamento irregular
18516672,2023-04-01 09:49:45,26,Estacionamento irregular
18518096,2023-04-01 18:58:33,33,Estacionamento irregular
18518337,2023-04-01 21:21:28,33,Estacionamento irregular
18518240,2023-04-01 20:10:34,33,Estacionamento irregular
18517234,2023-04-01 12:46:03,69,Estacionamento irregular
18517994,2023-04-01 18:10:49,65,Estacionamento irregular
18516967,2023-04-01 11:19:27,128,Estacionamento irregular
18517297,2023-04-01 13:10:54,127,Estacionamento irregular
18517325,2023-04-01 13:22:03,66,Estacionamento irregular
18516493,2023-04-01 08:50:31,76,Estacionamento irregular
18518127,2023-04-01 19:11:38,66,Estacionamento irregular
18516779,2023-04-01 10:19:24,15,Estacionamento irregular
18518058,2023-04-01 18:40:26,120,Estacionamento irregular
18516436,2023-04-01 08:27:45,38,Estacionamento irregular
18518026,2023-04-01 18:24:00,59,Estacionamento irregular
18516950,2023-04-01 11:14:30,144,Estacionamento irregular
18517031,2023-04-01 11:38:30,131,Estacionamento irregular
18517750,2023-04-01 16:21:54,115,Fiscalizacao de trânsito
18517967,2023-04-01 18:00:23,115,Fiscalizacao de trânsito
18518405,2023-04-01 22:37:50,128,Fiscalizacao de trânsito
18518392,2023-04-01 22:24:13,115,Fiscalizacao de trânsito
18516645,2023-04-01 09:39:53,20,Fiscalizacao de trânsito
18517659,2023-04-01 15:43:42,115,Fiscalizacao de trânsito
18518244,2023-04-01 20:12:43,53,Fiscalizacao de trânsito
18517890,2023-04-01 17:23:57,21,Fiscalizacao de trânsito
18517883,2023-04-01 17:19:38,63,Perturbação do sossego
18516981,2023-04-01 11:22:42,132,Perturbação do sossego
18518436,2023-04-01 23:10:21,141,Perturbação do sossego
18518135,2023-04-01 19:15:12,144,Perturbação do sossego
18516249,2023-04-01 00:59:40,144,Perturbação do sossego
18518401,2023-04-01 22:30:11,66,Perturbação do sossego
18518420,2023-04-01 22:56:48,43,Perturbação do sossego
18518276,2023-04-01 20:30:06,53,Perturbação do sossego
18516280,2023-04-01 03:25:07,83,Perturbação do sossego
18518470,2023-04-01 23:47:20,79,Perturbação do sossego
18518472,2023-04-01 23:48:31,86,Perturbação do sossego
18516251,2023-04-01 01:03:21,66,Perturbação do sossego
18518382,2023-04-01 22:10:24,66,Perturbação do sossego
18518435,2023-04-01 23:10:04,75,Perturbação do sossego
18518451,2023-04-01 23:28:43,74,Perturbação do sossego
18517709,2023-04-01 16:05:15,77,Perturbação do sossego
18518437,2023-04-01 23:11:25,141,Perturbação do sossego
18518139,2023-04-01 19:16:21,144,Perturbação do sossego
18517005,2023-04-01 11:29:28,144,Perturbação do sossego
18516188,2023-04-01 00:03:59,66,Perturbação do sossego
18517756,2023-04-01 16:24:44,33,Perturbação do sossego
18516212,2023-04-01 00:15:18,26,Perturbação do sossego
18518479,2023-04-01 23:56:34,79,Perturbação do sossego
18516328,2023-04-01 07:08:06,110,Perturbação do sossego
18516225,2023-04-01 00:21:50,74,Perturbação do sossego
18516255,2023-04-01 01:08:42,75,Perturbação do sossego
18516289,2023-04-01 04:53:47,132,Perturbação do sossego
18518220,2023-04-01 20:01:50,128,Perturbação do sossego
18518471,2023-04-01 23:47:26,20,Perturbação do sossego
18518446,2023-04-01 23:24:36,109,Perturbação do sossego
18516203,2023-04-01 00:09:54,109,Perturbação do sossego
18518434,2023-04-01 23:10:03,48,Perturbação do sossego
18518398,2023-04-01 22:29:26,139,Perturbação do sossego
18516211,2023-04-01 00:14:51,148,Perturbação do sossego
18516261,2023-04-01 01:23:20,26,Perturbação do sossego
18516258,2023-04-01 01:13:52,25,Perturbação do sossego
18517771,2023-04-01 16:30:44,40,Perturbação do sossego
18516201,2023-04-01 00:09:00,128,Perturbação do sossego
18516873,2023-04-01 10:47:05,141,Perturbação do sossego
18516195,2023-04-01 00:07:07,145,Perturbação do sossego
18516196,2023-04-01 00:07:09,26,Perturbação do sossego
18516199,2023-04-01 00:08:22,26,Perturbação do sossego
18518369,2023-04-01 21:55:18,33,Perturbação do sossego
18516218,2023-04-01 00:18:32,17,Perturbação do sossego
18518374,2023-04-01 22:01:23,33,Perturbação do sossego
18516202,2023-04-01 00:09:10,128,Perturbação do sossego
18516812,2023-04-01 10:26:47,128,Perturbação do sossego
18517937,2023-04-01 17:46:23,128,Perturbação do sossego
18518368,2023-04-01 21:54:34,140,Perturbação do sossego
18516200,2023-04-01 00:08:57,14,Perturbação do sossego
18518407,2023-04-01 22:39:49,66,Perturbação do sossego
18518406,2023-04-01 22:38:43,66,Perturbação do sossego
18516210,2023-04-01 00:14:41,25,Perturbação do sossego
18518478,2023-04-01 23:53:45,43,Perturbação do sossego
18517487,2023-04-01 14:30:49,144,Perturbação do sossego
18516186,2023-04-01 00:03:51,161,Perturbação do sossego
18516253,2023-04-01 01:05:30,20,Perturbação do sossego
18518204,2023-04-01 19:53:49,83,Perturbação do sossego
18517327,2023-04-01 13:23:05,83,Perturbação do sossego
18516851,2023-04-01 10:37:15,128,Perturbação do sossego
18516237,2023-04-01 00:38:21,18,Perturbação do sossego
18516213,2023-04-01 00:16:10,26,Perturbação do sossego
18516234,2023-04-01 00:34:58,42,Perturbação do sossego
18516857,2023-04-01 10:38:59,128,Perturbação do sossego
18518464,2023-04-01 23:40:30,153,Perturbação do sossego
18517599,2023-04-01 15:12:27,5,Perturbação do sossego
18516272,2023-04-01 02:03:36,14,Perturbação do sossego
18516385,2023-04-01 07:59:57,26,Perturbação do sossego
18516244,2023-04-01 00:51:41,161,Perturbação do sossego
18516388,2023-04-01 08:00:54,149,Perturbação do sossego
18518383,2023-04-01 22:14:55,144,Perturbação do sossego
18518272,2023-04-01 20:27:44,150,Perturbação do sossego
18516189,2023-04-01 00:04:10,66,Perturbação do sossego
18518449,2023-04-01 23:26:25,66,Perturbação do sossego
18518462,2023-04-01 23:39:30,66,Perturbação do sossego
18516250,2023-04-01 01:03:20,66,Perturbação do sossego
18517570,2023-04-01 14:58:21,36,Perturbação do sossego
18516226,2023-04-01 00:23:24,66,Perturbação do sossego
18516271,2023-04-01 02:03:31,66,Perturbação do sossego
18517154,2023-04-01 12:18:07,33,Perturbação do sossego
18517871,2023-04-01 17:11:23,5,Perturbação do sossego
18517887,2023-04-01 17:23:24,26,Perturbação do sossego
18518049,2023-04-01 18:36:53,5,Perturbação do sossego
18518199,2023-04-01 19:49:36,18,Perturbação do sossego
18518461,2023-04-01 23:38:45,24,Perturbação do sossego
18518399,2023-04-01 22:29:42,16,Perturbação do sossego
18518438,2023-04-01 23:11:32,16,Perturbação do sossego
18518385,2023-04-01 22:17:15,24,Perturbação do sossego
18517970,2023-04-01 18:01:18,33,Perturbação do sossego
18518433,2023-04-01 23:09:47,16,Perturbação do sossego
18517330,2023-04-01 13:25:12,20,Perturbação do sossego
18518269,2023-04-01 20:27:04,24,Perturbação do sossego
18518290,2023-04-01 20:38:38,128,Perturbação do sossego
18518372,2023-04-01 21:58:57,16,Perturbação do sossego
18518347,2023-04-01 21:35:03,128,Perturbação do sossego
18518171,2023-04-01 19:36:22,5,Perturbação do sossego
18518078,2023-04-01 18:49:30,10,Perturbação do sossego
18518045,2023-04-01 18:34:58,33,Perturbação do sossego
18518335,2023-04-01 21:16:56,26,Perturbação do sossego
18516193,2023-04-01 00:04:56,43,Perturbação do sossego
18518028,2023-04-01 18:24:32,26,Perturbação do sossego
18518411,2023-04-01 22:45:13,128,Perturbação do sossego
18518364,2023-04-01 21:52:14,33,Perturbação do sossego
18517976,2023-04-01 18:04:51,33,Perturbação do sossego
18518038,2023-04-01 18:31:18,26,Perturbação do sossego
18516778,2023-04-01 10:19:17,27,Perturbação do sossego
18518098,2023-04-01 18:59:59,132,Perturbação do sossego
18518306,2023-04-01 20:55:16,128,Perturbação do sossego
18518379,2023-04-01 22:06:39,139,Perturbação do sossego
18516821,2023-04-01 10:29:33,15,Perturbação do sossego
18518458,2023-04-01 23:37:22,140,Perturbação do sossego
18516348,2023-04-01 07:30:18,88,Estacionamento 
18516548,2023-04-01 09:08:11,139,Estacionamento 
18518477,2023-04-01 23:53:41,144,Transporte Especial Complementar - TEC
18517291,2023-04-01 13:08:16,,Transporte Especial Complementar - TEC
18517746,2023-04-01 16:20:40,38,Feiras
18516238,2023-04-01 00:38:22,5,Feiras
18517172,2023-04-01 12:24:28,38,Feiras
18518249,2023-04-01 20:14:52,149,Veículo
18516547,2023-04-01 09:08:02,33,Veículo
18516603,2023-04-01 09:24:43,93,Veículo
18517391,2023-04-01 13:49:51,115,Veículo
18517672,2023-04-01 15:51:57,48,Veículo
18516318,2023-04-01 06:42:04,48,Veículo
18517058,2023-04-01 11:46:03,125,Veículo
18516975,2023-04-01 11:21:34,54,Veículo
18516657,2023-04-01 09:45:49,122,Veículo
18517835,2023-04-01 16:56:39,85,Veículo
18517813,2023-04-01 16:46:54,,Atendimento ao cidadão
18517071,2023-04-01 11:51:37,,Atendimento ao cidadão
18518377,2023-04-01 22:05:14,,Atendimento ao cidadão
18517500,2023-04-01 14:34:15,,Atendimento ao cidadão
18517379,2023-04-01 13:43:39,,Atendimento ao cidadão
18516433,2023-04-01 08:26:28,,Atendimento ao cidadão
18516783,2023-04-01 10:20:52,,Atendimento ao cidadão
18517503,2023-04-01 14:34:52,,Atendimento ao cidadão
18516365,2023-04-01 07:46:01,,Atendimento ao cidadão
18516401,2023-04-01 08:09:28,,Atendimento ao cidadão
18517494,2023-04-01 14:33:07,,Atendimento ao cidadão
18517479,2023-04-01 14:28:30,,Atendimento ao cidadão
18516523,2023-04-01 08:58:14,,Atendimento ao cidadão
18517483,2023-04-01 14:29:42,,Atendimento ao cidadão
18516353,2023-04-01 07:32:41,,Atendimento ao cidadão
18516426,2023-04-01 08:23:13,,Atendimento ao cidadão
18518083,2023-04-01 18:51:45,,Atendimento ao cidadão
18518112,2023-04-01 19:06:44,,Atendimento ao cidadão
18517083,2023-04-01 11:55:24,26,Manejo Arbóreo
18517421,2023-04-01 14:01:21,33,Manejo Arbóreo
18517758,2023-04-01 16:25:07,76,Manejo Arbóreo
18517585,2023-04-01 15:07:23,98,Manejo Arbóreo
18517735,2023-04-01 16:13:25,100,Manejo Arbóreo
18517370,2023-04-01 13:39:09,120,Manejo Arbóreo
18516823,2023-04-01 10:30:23,144,Manejo Arbóreo
18517107,2023-04-01 12:04:00,139,Manejo Arbóreo
18517997,2023-04-01 18:11:33,59,Manejo Arbóreo
18516693,2023-04-01 09:54:26,99,Manejo Arbóreo
18518413,2023-04-01 22:46:35,107,Manejo Arbóreo
18517187,2023-04-01 12:31:34,122,Manejo Arbóreo
18517145,2023-04-01 12:15:48,7,Manejo Arbóreo
18517149,2023-04-01 12:17:16,138,Manejo Arbóreo
18516461,2023-04-01 08:35:58,38,Manejo Arbóreo
18516232,2023-04-01 00:34:11,76,Manejo Arbóreo
18518386,2023-04-01 22:17:46,128,Manejo Arbóreo
18516791,2023-04-01 10:21:44,144,Manejo Arbóreo
18518281,2023-04-01 20:33:38,144,Manejo Arbóreo
18516913,2023-04-01 11:04:18,65,Manejo Arbóreo
18516720,2023-04-01 10:00:56,68,Manejo Arbóreo
18517535,2023-04-01 14:46:13,150,Manejo Arbóreo
18516819,2023-04-01 10:28:53,41,Manejo Arbóreo
18516451,2023-04-01 08:30:34,119,Manejo Arbóreo
18517140,2023-04-01 12:14:44,144,Manejo Arbóreo
18516668,2023-04-01 09:49:24,15,Manejo Arbóreo
18516593,2023-04-01 09:22:55,44,Manejo Arbóreo
18517690,2023-04-01 16:00:48,44,Manejo Arbóreo
18516572,2023-04-01 09:16:49,74,Manejo Arbóreo
18516634,2023-04-01 09:37:37,140,Manejo Arbóreo
18516573,2023-04-01 09:17:06,25,Manejo Arbóreo
18517027,2023-04-01 11:37:28,107,Manejo Arbóreo
18516648,2023-04-01 09:42:53,128,Manejo Arbóreo
18516766,2023-04-01 10:15:02,8,Manejo Arbóreo
18516949,2023-04-01 11:14:03,38,Manejo Arbóreo
18516604,2023-04-01 09:24:45,90,Manejo Arbóreo
18516943,2023-04-01 11:11:47,116,Manejo Arbóreo
18517170,2023-04-01 12:22:54,74,Manejo Arbóreo
18516279,2023-04-01 03:10:42,86,Manejo Arbóreo
18517269,2023-04-01 13:01:36,147,Manejo Arbóreo
18516964,2023-04-01 11:18:49,42,Manejo Arbóreo
18516469,2023-04-01 08:39:58,38,Manejo Arbóreo
18516911,2023-04-01 11:04:09,139,Manejo Arbóreo
18518000,2023-04-01 18:13:25,24,Manejo Arbóreo
18518463,2023-04-01 23:39:39,149,Manejo Arbóreo
18517310,2023-04-01 13:17:40,14,Manejo Arbóreo
18518390,2023-04-01 22:21:17,141,Manejo Arbóreo
18517028,2023-04-01 11:37:38,132,Manejo Arbóreo
18516790,2023-04-01 10:21:37,122,Manejo Arbóreo
18516994,2023-04-01 11:26:56,17,Manejo Arbóreo
18516207,2023-04-01 00:13:28,144,Manejo Arbóreo
18517059,2023-04-01 11:46:16,141,Manejo Arbóreo
18517589,2023-04-01 15:09:09,144,Manejo Arbóreo
18517119,2023-04-01 12:08:19,144,Manejo Arbóreo
18517451,2023-04-01 14:16:42,14,Manejo Arbóreo
18517039,2023-04-01 11:41:17,38,Manejo Arbóreo
18516842,2023-04-01 10:35:50,89,Manejo Arbóreo
18516827,2023-04-01 10:31:38,122,Manejo Arbóreo
18517326,2023-04-01 13:22:40,49,Manejo Arbóreo
18517216,2023-04-01 12:40:16,31,Manejo Arbóreo
18516719,2023-04-01 10:00:45,38,Manejo Arbóreo
18518066,2023-04-01 18:42:29,46,Manejo Arbóreo
18516740,2023-04-01 10:06:31,69,Manejo Arbóreo
18517701,2023-04-01 16:03:17,5,Manejo Arbóreo
18517302,2023-04-01 13:11:45,139,Manejo Arbóreo
18516838,2023-04-01 10:34:29,89,Manejo Arbóreo
18517442,2023-04-01 14:11:24,69,Manejo Arbóreo
18516332,2023-04-01 07:14:55,20,Manejo Arbóreo
18516945,2023-04-01 11:12:30,33,Manejo Arbóreo
18517504,2023-04-01 14:35:03,33,Manejo Arbóreo
18517254,2023-04-01 12:53:21,15,Remoção Gratuita
18517290,2023-04-01 13:08:01,17,Remoção Gratuita
18517312,2023-04-01 13:18:28,24,Remoção Gratuita
18517413,2023-04-01 13:58:14,29,Remoção Gratuita
18517178,2023-04-01 12:25:50,103,Remoção Gratuita
18517182,2023-04-01 12:28:48,42,Remoção Gratuita
18516777,2023-04-01 10:19:11,45,Remoção Gratuita
18517112,2023-04-01 12:05:36,45,Remoção Gratuita
18517262,2023-04-01 12:58:07,115,Remoção Gratuita
18517606,2023-04-01 15:15:14,121,Remoção Gratuita
18517996,2023-04-01 18:11:12,132,Remoção Gratuita
18517097,2023-04-01 11:58:53,144,Remoção Gratuita
18517431,2023-04-01 14:07:23,144,Remoção Gratuita
18517630,2023-04-01 15:28:32,149,Remoção Gratuita
18517974,2023-04-01 18:04:36,14,Remoção Gratuita
18517229,2023-04-01 12:45:01,18,Remoção Gratuita
18517240,2023-04-01 12:47:21,18,Remoção Gratuita
18516514,2023-04-01 08:55:38,25,Remoção Gratuita
18517427,2023-04-01 14:06:03,42,Remoção Gratuita
18517828,2023-04-01 16:53:55,70,Remoção Gratuita
18516722,2023-04-01 10:01:22,89,Remoção Gratuita
18517727,2023-04-01 16:10:06,64,Remoção Gratuita
18518124,2023-04-01 19:10:41,69,Remoção Gratuita
18517437,2023-04-01 14:09:38,74,Remoção Gratuita
18517737,2023-04-01 16:13:35,90,Remoção Gratuita
18517137,2023-04-01 12:13:56,116,Remoção Gratuita
18517596,2023-04-01 15:11:25,124,Remoção Gratuita
18517934,2023-04-01 17:44:48,125,Remoção Gratuita
18516529,2023-04-01 09:00:00,125,Remoção Gratuita
18516319,2023-04-01 06:45:33,144,Remoção Gratuita
18517685,2023-04-01 15:59:26,144,Remoção Gratuita
18516870,2023-04-01 10:46:59,33,Remoção Gratuita
18517049,2023-04-01 11:43:48,27,Remoção Gratuita
18516334,2023-04-01 07:15:52,51,Remoção Gratuita
18517447,2023-04-01 14:13:18,121,Remoção Gratuita
18518019,2023-04-01 18:20:12,115,Remoção Gratuita
18516536,2023-04-01 09:02:51,5,Remoção Gratuita
18516425,2023-04-01 08:22:21,36,Remoção Gratuita
18516652,2023-04-01 09:44:32,15,Remoção Gratuita
18518346,2023-04-01 21:33:07,22,Remoção Gratuita
18516491,2023-04-01 08:49:14,33,Remoção Gratuita
18517037,2023-04-01 11:39:43,37,Remoção Gratuita
18517944,2023-04-01 17:48:00,15,Remoção Gratuita
18517374,2023-04-01 13:42:10,28,Remoção Gratuita
18517478,2023-04-01 14:28:26,18,Remoção Gratuita
18517344,2023-04-01 13:29:41,24,Remoção Gratuita
18516926,2023-04-01 11:08:16,24,Remoção Gratuita
18517105,2023-04-01 12:03:23,35,Remoção Gratuita
18518214,2023-04-01 19:58:42,46,Remoção Gratuita
18517268,2023-04-01 13:00:45,55,Remoção Gratuita
18516940,2023-04-01 11:11:05,64,Remoção Gratuita
18518412,2023-04-01 22:46:24,76,Remoção Gratuita
18516446,2023-04-01 08:28:42,82,Remoção Gratuita
18516626,2023-04-01 09:33:04,63,Remoção Gratuita
18518029,2023-04-01 18:24:46,68,Remoção Gratuita
18516383,2023-04-01 07:59:12,72,Remoção Gratuita
18516499,2023-04-01 08:52:29,78,Remoção Gratuita
18517181,2023-04-01 12:28:22,100,Remoção Gratuita
18518102,2023-04-01 19:00:58,41,Remoção Gratuita
18516452,2023-04-01 08:30:47,43,Remoção Gratuita
18517096,2023-04-01 11:58:34,65,Remoção Gratuita
18516674,2023-04-01 09:51:00,66,Remoção Gratuita
18517572,2023-04-01 15:00:16,70,Remoção Gratuita
18518138,2023-04-01 19:15:33,76,Remoção Gratuita
18516659,2023-04-01 09:46:32,76,Remoção Gratuita
18517440,2023-04-01 14:10:21,79,Remoção Gratuita
18516305,2023-04-01 06:22:22,106,Remoção Gratuita
18517387,2023-04-01 13:48:14,130,Remoção Gratuita
18517980,2023-04-01 18:05:26,120,Remoção Gratuita
18516924,2023-04-01 11:07:46,121,Remoção Gratuita
18516622,2023-04-01 09:31:34,122,Remoção Gratuita
18518006,2023-04-01 18:14:56,116,Remoção Gratuita
18518086,2023-04-01 18:52:57,121,Remoção Gratuita
18518453,2023-04-01 23:30:47,119,Remoção Gratuita
18517296,2023-04-01 13:10:22,120,Remoção Gratuita
18518415,2023-04-01 22:49:51,124,Remoção Gratuita
18518046,2023-04-01 18:34:59,138,Remoção Gratuita
18517926,2023-04-01 17:40:15,139,Remoção Gratuita
18517963,2023-04-01 17:59:19,144,Remoção Gratuita
18516406,2023-04-01 08:11:48,142,Remoção Gratuita
18517610,2023-04-01 15:18:08,149,Remoção Gratuita
18516566,2023-04-01 09:14:28,141,Remoção Gratuita
18516752,2023-04-01 10:10:58,144,Remoção Gratuita
18517280,2023-04-01 13:04:34,144,Remoção Gratuita
18516830,2023-04-01 10:32:40,144,Remoção Gratuita
18516559,2023-04-01 09:12:14,148,Remoção Gratuita
18517590,2023-04-01 15:09:57,114,Remoção Gratuita
18518228,2023-04-01 20:04:56,86,Remoção Gratuita
18516952,2023-04-01 11:15:29,122,Remoção Gratuita
18516245,2023-04-01 00:52:12,36,Remoção Gratuita
18516712,2023-04-01 09:59:10,45,Remoção Gratuita
18518126,2023-04-01 19:11:36,76,Remoção Gratuita
18518371,2023-04-01 21:57:05,88,Remoção Gratuita
18516681,2023-04-01 09:53:03,150,Remoção Gratuita
18517248,2023-04-01 12:50:36,120,Remoção Gratuita
18517780,2023-04-01 16:33:35,125,Remoção Gratuita
18517636,2023-04-01 15:33:14,139,Remoção Gratuita
18518284,2023-04-01 20:34:43,5,Remoção Gratuita
18517941,2023-04-01 17:47:27,14,Remoção Gratuita
18517363,2023-04-01 13:37:27,15,Remoção Gratuita
18517202,2023-04-01 12:36:49,25,Remoção Gratuita
18517054,2023-04-01 11:44:49,17,Remoção Gratuita
18517232,2023-04-01 12:45:20,21,Remoção Gratuita
18517084,2023-04-01 11:55:32,17,Remoção Gratuita
18517434,2023-04-01 14:08:24,20,Remoção Gratuita
18516429,2023-04-01 08:24:52,72,Remoção Gratuita
18517316,2023-04-01 13:19:05,122,Remoção Gratuita
18518042,2023-04-01 18:33:49,132,Remoção Gratuita
18517475,2023-04-01 14:27:25,124,Remoção Gratuita
18516437,2023-04-01 08:27:50,139,Remoção Gratuita
18516865,2023-04-01 10:42:30,139,Remoção Gratuita
18516859,2023-04-01 10:39:25,33,Remoção Gratuita
18516988,2023-04-01 11:24:17,25,Remoção Gratuita
18517616,2023-04-01 15:22:13,121,Remoção Gratuita
18517357,2023-04-01 13:35:30,10,Remoção Gratuita
18516608,2023-04-01 09:25:50,24,Remoção Gratuita
18516247,2023-04-01 00:57:30,15,Remoção Gratuita
18517189,2023-04-01 12:32:35,20,Remoção Gratuita
18517056,2023-04-01 11:45:32,62,Remoção Gratuita
18517313,2023-04-01 13:18:30,68,Remoção Gratuita
18518430,2023-04-01 23:08:14,76,Remoção Gratuita
18516198,2023-04-01 00:07:43,82,Remoção Gratuita
18516730,2023-04-01 10:03:11,114,Remoção Gratuita
18517741,2023-04-01 16:16:14,43,Remoção Gratuita
18516758,2023-04-01 10:13:29,58,Remoção Gratuita
18516187,2023-04-01 00:03:56,66,Remoção Gratuita
18516223,2023-04-01 00:21:24,74,Remoção Gratuita
18517490,2023-04-01 14:31:47,82,Remoção Gratuita
18518230,2023-04-01 20:05:42,114,Remoção Gratuita
18517292,2023-04-01 13:09:19,47,Remoção Gratuita
18518353,2023-04-01 21:36:48,68,Remoção Gratuita
18517946,2023-04-01 17:48:44,74,Remoção Gratuita
18516597,2023-04-01 09:23:33,80,Remoção Gratuita
18517986,2023-04-01 18:07:36,121,Remoção Gratuita
18516835,2023-04-01 10:33:57,121,Remoção Gratuita
18516869,2023-04-01 10:46:25,121,Remoção Gratuita
18518261,2023-04-01 20:21:45,125,Remoção Gratuita
18517521,2023-04-01 14:41:43,128,Remoção Gratuita
18516894,2023-04-01 10:54:30,121,Remoção Gratuita
18517691,2023-04-01 16:00:52,122,Remoção Gratuita
18517435,2023-04-01 14:08:49,125,Remoção Gratuita
18516664,2023-04-01 09:47:48,144,Remoção Gratuita
18516771,2023-04-01 10:16:45,139,Remoção Gratuita
18517884,2023-04-01 17:20:04,141,Remoção Gratuita
18516640,2023-04-01 09:39:14,144,Remoção Gratuita
18516459,2023-04-01 08:34:02,144,Remoção Gratuita
18517356,2023-04-01 13:35:06,141,Remoção Gratuita
18517794,2023-04-01 16:37:45,148,Remoção Gratuita
18517103,2023-04-01 12:02:27,141,Remoção Gratuita
18517038,2023-04-01 11:41:06,48,Remoção Gratuita
18516496,2023-04-01 08:51:47,107,Remoção Gratuita
18518203,2023-04-01 19:52:39,144,Remoção Gratuita
18517624,2023-04-01 15:26:17,144,Remoção Gratuita
18518143,2023-04-01 19:17:46,115,Remoção Gratuita
18517116,2023-04-01 12:06:51,3,Remoção Gratuita
18516484,2023-04-01 08:45:37,144,Remoção Gratuita
18517818,2023-04-01 16:48:02,65,Remoção Gratuita
18518468,2023-04-01 23:46:06,150,Remoção Gratuita
18517304,2023-04-01 13:15:20,33,Remoção Gratuita
18516837,2023-04-01 10:34:23,148,Remoção Gratuita
18517658,2023-04-01 15:43:41,33,Remoção Gratuita
18516585,2023-04-01 09:20:17,46,Remoção Gratuita
18517958,2023-04-01 17:55:47,33,Remoção Gratuita
18516516,2023-04-01 08:56:07,144,Remoção Gratuita
18518259,2023-04-01 20:19:38,36,Remoção Gratuita
18516767,2023-04-01 10:15:16,36,Remoção Gratuita
18517183,2023-04-01 12:29:04,38,Remoção Gratuita
18517062,2023-04-01 11:48:19,17,Remoção Gratuita
18516638,2023-04-01 09:38:43,77,Remoção Gratuita
18517064,2023-04-01 11:48:30,62,Remoção Gratuita
18518065,2023-04-01 18:42:00,59,Remoção Gratuita
18517369,2023-04-01 13:38:52,66,Remoção Gratuita
18517955,2023-04-01 17:54:32,149,Remoção Gratuita
18517915,2023-04-01 17:35:34,33,Remoção Gratuita
18516921,2023-04-01 11:07:10,149,Remoção Gratuita
18518283,2023-04-01 20:34:41,69,Remoção Gratuita
18516914,2023-04-01 11:05:13,106,Remoção Gratuita
18518200,2023-04-01 19:50:10,46,Remoção Gratuita
18517420,2023-04-01 14:01:01,15,Remoção Gratuita
18517618,2023-04-01 15:23:43,80,Remoção Gratuita
18517676,2023-04-01 15:55:19,107,Remoção Gratuita
18517195,2023-04-01 12:34:25,128,Remoção Gratuita
18517156,2023-04-01 12:19:02,147,Remoção Gratuita
18516702,2023-04-01 09:56:44,139,Remoção Gratuita
18516953,2023-04-01 11:15:45,32,Remoção Gratuita
18517132,2023-04-01 12:12:28,86,Remoção Gratuita
18516954,2023-04-01 11:16:17,162,Remoção Gratuita
18516315,2023-04-01 06:35:43,144,Remoção Gratuita
18517169,2023-04-01 12:22:19,71,Remoção Gratuita
18516678,2023-04-01 09:51:50,103,Remoção Gratuita
18517050,2023-04-01 11:43:50,144,Remoção Gratuita
18517897,2023-04-01 17:27:26,139,Remoção Gratuita
18517072,2023-04-01 11:52:09,141,Remoção Gratuita
18516745,2023-04-01 10:08:12,144,Remoção Gratuita
18516534,2023-04-01 09:02:14,144,Remoção Gratuita
18517013,2023-04-01 11:30:51,53,Remoção Gratuita
18517766,2023-04-01 16:29:01,132,Coleta Seletiva
18517571,2023-04-01 14:59:00,33,Coleta Seletiva
18517270,2023-04-01 13:01:44,115,Coleta Seletiva
18516833,2023-04-01 10:33:29,33,Coleta domiciliar
18516987,2023-04-01 11:24:02,42,Coleta domiciliar
18516849,2023-04-01 10:36:58,74,Coleta domiciliar
18516677,2023-04-01 09:51:47,120,Coleta domiciliar
18518423,2023-04-01 22:59:25,69,Coleta domiciliar
18517040,2023-04-01 11:41:24,69,Coleta domiciliar
18518341,2023-04-01 21:27:07,113,Coleta domiciliar
18516683,2023-04-01 09:53:09,16,Coleta domiciliar
18517622,2023-04-01 15:25:58,103,Coleta domiciliar
18517564,2023-04-01 14:56:12,33,Limpeza de logradouros
18516715,2023-04-01 10:00:06,144,Limpeza de logradouros
18516999,2023-04-01 11:27:31,78,Limpeza de logradouros
18517859,2023-04-01 17:05:27,99,Limpeza de logradouros
18516805,2023-04-01 10:25:25,99,Limpeza de logradouros
18518309,2023-04-01 21:00:49,82,Limpeza de logradouros
18517738,2023-04-01 16:15:18,82,Limpeza de logradouros
18517670,2023-04-01 15:51:01,86,Limpeza de logradouros
18516460,2023-04-01 08:35:00,99,Limpeza de logradouros
18517085,2023-04-01 11:55:49,149,Limpeza de logradouros
18517542,2023-04-01 14:49:44,148,Limpeza de logradouros
18517002,2023-04-01 11:28:20,100,Limpeza de logradouros
18517023,2023-04-01 11:35:51,137,Limpeza de logradouros
18517783,2023-04-01 16:35:21,95,Limpeza de logradouros
18516822,2023-04-01 10:29:53,89,Limpeza de logradouros
18516709,2023-04-01 09:58:17,99,Limpeza de logradouros
18518110,2023-04-01 19:05:30,130,Limpeza de logradouros
18516191,2023-04-01 00:04:35,144,Limpeza de logradouros
18516554,2023-04-01 09:09:48,125,Limpeza de logradouros
18517163,2023-04-01 12:20:41,35,Limpeza de logradouros
18518419,2023-04-01 22:55:08,90,Limpeza de logradouros
18516820,2023-04-01 10:29:21,10,Limpeza de logradouros
18516919,2023-04-01 11:06:35,137,Limpeza de logradouros
18516624,2023-04-01 09:32:44,57,Limpeza de logradouros
18516517,2023-04-01 08:56:26,100,Limpeza de logradouros
18516826,2023-04-01 10:31:24,89,Limpeza de logradouros
18516419,2023-04-01 08:18:28,69,Limpeza de logradouros
18517748,2023-04-01 16:21:01,63,Limpeza de logradouros
18516602,2023-04-01 09:24:39,33,Limpeza de logradouros
18516753,2023-04-01 10:11:47,24,Limpeza de logradouros
18518439,2023-04-01 23:11:50,150,Limpeza de logradouros
18517561,2023-04-01 14:54:43,33,Limpeza de logradouros
18517007,2023-04-01 11:30:21,100,Limpeza de logradouros
18517455,2023-04-01 14:19:01,144,Limpeza de logradouros
18516227,2023-04-01 00:25:31,106,Limpeza de logradouros
18516444,2023-04-01 08:28:19,37,Limpeza de logradouros
18517001,2023-04-01 11:28:14,69,Limpeza de logradouros
18517463,2023-04-01 14:22:29,144,Limpeza de logradouros
18516691,2023-04-01 09:54:07,127,Limpeza de logradouros
18517131,2023-04-01 12:11:53,122,Limpeza de logradouros
18517177,2023-04-01 12:25:37,162,Limpeza de logradouros
18516642,2023-04-01 09:39:21,6,Limpeza de logradouros
18516993,2023-04-01 11:26:35,43,Limpeza de logradouros
18516671,2023-04-01 09:49:35,44,Limpeza de logradouros
18517872,2023-04-01 17:12:48,66,Limpeza de logradouros
18516843,2023-04-01 10:35:53,78,Limpeza de logradouros
18516344,2023-04-01 07:25:10,82,Limpeza de logradouros
18516588,2023-04-01 09:20:50,125,Limpeza de logradouros
18517953,2023-04-01 17:53:39,127,Limpeza de logradouros
18517345,2023-04-01 13:30:38,124,Limpeza de logradouros
18517303,2023-04-01 13:14:49,139,Limpeza de logradouros
18518154,2023-04-01 19:24:41,137,Limpeza de logradouros
18517019,2023-04-01 11:34:26,12,Limpeza de logradouros
18516941,2023-04-01 11:11:13,100,Limpeza de logradouros
18516854,2023-04-01 10:38:30,33,Limpeza de logradouros
18516840,2023-04-01 10:34:50,120,Limpeza de logradouros
18516339,2023-04-01 07:21:49,86,Limpeza de logradouros
18517317,2023-04-01 13:19:05,122,Limpeza de logradouros
18516277,2023-04-01 02:32:33,125,Limpeza de logradouros
18516349,2023-04-01 07:30:48,14,Limpeza de logradouros
18516308,2023-04-01 06:27:57,24,Limpeza de logradouros
18517899,2023-04-01 17:28:07,109,Limpeza de logradouros
18517016,2023-04-01 11:32:17,137,Limpeza de logradouros
18516803,2023-04-01 10:24:36,33,Limpeza de logradouros
18518239,2023-04-01 20:10:21,42,Limpeza de logradouros
18517449,2023-04-01 14:14:35,36,Limpeza de logradouros
18516205,2023-04-01 00:11:30,139,Limpeza de logradouros
18517537,2023-04-01 14:47:00,33,Limpeza de logradouros
18516600,2023-04-01 09:24:38,150,Limpeza de logradouros
18517070,2023-04-01 11:50:49,116,Limpeza de logradouros
18516370,2023-04-01 07:49:44,109,Limpeza de logradouros
18516387,2023-04-01 08:00:35,106,Limpeza de logradouros
18517111,2023-04-01 12:05:07,107,Limpeza de logradouros
18518460,2023-04-01 23:38:24,132,Limpeza de logradouros
18518080,2023-04-01 18:50:29,144,Limpeza de logradouros
18516594,2023-04-01 09:22:57,107,Limpeza de logradouros
18516442,2023-04-01 08:28:06,119,Limpeza de logradouros
18516963,2023-04-01 11:18:36,54,Limpeza de logradouros
18517244,2023-04-01 12:48:23,144,Limpeza de logradouros
18516396,2023-04-01 08:07:12,52,Limpeza de logradouros
18518027,2023-04-01 18:24:03,3,Limpeza de logradouros
18518111,2023-04-01 19:06:14,76,Limpeza de logradouros
18517931,2023-04-01 17:42:30,50,Limpeza de logradouros
18517677,2023-04-01 15:56:13,54,Limpeza de logradouros
18517366,2023-04-01 13:38:42,144,Limpeza de logradouros
18516502,2023-04-01 08:52:57,87,Limpeza de logradouros
18516420,2023-04-01 08:18:59,148,Limpeza de logradouros
18516884,2023-04-01 10:51:34,73,Limpeza de logradouros
18517286,2023-04-01 13:06:34,48,Limpeza de logradouros
18517152,2023-04-01 12:18:03,74,Limpeza de logradouros
18516962,2023-04-01 11:18:34,47,Limpeza de logradouros
18516955,2023-04-01 11:16:32,49,Limpeza de logradouros
18516340,2023-04-01 07:22:00,159,Limpeza de logradouros
18517533,2023-04-01 14:45:49,47,Limpeza de logradouros
18517362,2023-04-01 13:37:25,144,Limpeza de logradouros
18518071,2023-04-01 18:45:28,144,Limpeza de logradouros
18516418,2023-04-01 08:18:27,75,Limpeza de logradouros
18516775,2023-04-01 10:18:24,104,Limpeza de logradouros
18516892,2023-04-01 10:53:36,144,Limpeza de logradouros
18517060,2023-04-01 11:46:44,45,Limpeza de logradouros
18516976,2023-04-01 11:22:06,49,Limpeza de logradouros
18516221,2023-04-01 00:20:36,33,Limpeza de logradouros
18517230,2023-04-01 12:45:10,42,Limpeza de logradouros
18516695,2023-04-01 09:54:55,127,Limpeza de logradouros
18516545,2023-04-01 09:07:27,66,Limpeza de logradouros
18517716,2023-04-01 16:07:30,135,Limpeza de logradouros
18516504,2023-04-01 08:53:22,151,Limpeza de logradouros
18516806,2023-04-01 10:25:29,24,Limpeza de logradouros
18517446,2023-04-01 14:13:14,66,Limpeza de logradouros
18516466,2023-04-01 08:38:28,152,Limpeza de logradouros
18516549,2023-04-01 09:08:37,48,Limpeza de logradouros
18516958,2023-04-01 11:17:18,61,Limpeza de logradouros
18516366,2023-04-01 07:46:44,33,Limpeza de logradouros
18516564,2023-04-01 09:12:47,148,Limpeza de logradouros
18516923,2023-04-01 11:07:27,146,Limpeza de logradouros
18516716,2023-04-01 10:00:16,144,Limpeza de logradouros
18518408,2023-04-01 22:40:23,91,Limpeza de praias
18517295,2023-04-01 13:10:05,149,Limpeza e manutenção de praças e parques
18517825,2023-04-01 16:52:25,137,Limpeza e manutenção de praças e parques
18516699,2023-04-01 09:56:19,114,Limpeza e manutenção de praças e parques
18518279,2023-04-01 20:33:22,144,Limpeza e manutenção de praças e parques
18517790,2023-04-01 16:36:38,24,Controle de roedores e caramujos
18517273,2023-04-01 13:02:22,56,Controle de roedores e caramujos
18516765,2023-04-01 10:14:51,82,Controle de roedores e caramujos
18516567,2023-04-01 09:14:39,44,Controle de roedores e caramujos
18516391,2023-04-01 08:04:10,139,Controle de roedores e caramujos
18516786,2023-04-01 10:21:29,141,Controle de roedores e caramujos
18518130,2023-04-01 19:12:15,104,Controle de roedores e caramujos
18517311,2023-04-01 13:17:49,139,Controle de roedores e caramujos
18516533,2023-04-01 09:01:53,90,Controle de roedores e caramujos
18517693,2023-04-01 16:01:12,144,Controle de roedores e caramujos
18516614,2023-04-01 09:28:35,151,Controle de roedores e caramujos
18516257,2023-04-01 01:11:48,55,Controle de roedores e caramujos
18518422,2023-04-01 22:58:42,90,Controle de roedores e caramujos
18517411,2023-04-01 13:57:30,100,Controle de roedores e caramujos
18516485,2023-04-01 08:46:12,24,Controle de roedores e caramujos
18516636,2023-04-01 09:38:12,139,Controle de roedores e caramujos
18516256,2023-04-01 01:10:22,55,Controle de roedores e caramujos
18517278,2023-04-01 13:03:56,147,Controle de roedores e caramujos
18518418,2023-04-01 22:53:20,120,Controle de roedores e caramujos
18516853,2023-04-01 10:38:30,25,"Instalação e manutenção de contêineres, caçambas e papeleiras"
18517190,2023-04-01 12:32:42,79,"Instalação e manutenção de contêineres, caçambas e papeleiras"
18516424,2023-04-01 08:21:29,26,"Instalação e manutenção de contêineres, caçambas e papeleiras"
18516417,2023-04-01 08:17:35,140,"Instalação e manutenção de contêineres, caçambas e papeleiras"
18517938,2023-04-01 17:46:34,150,Limpeza de margens de rios
18517294,2023-04-01 13:09:41,45,Atendimento Social
18516311,2023-04-01 06:33:57,5,Atendimento Social
18518097,2023-04-01 18:59:45,20,Atendimento Social
18517342,2023-04-01 13:29:06,20,Atendimento Social
18517339,2023-04-01 13:28:08,24,Atendimento Social
18516306,2023-04-01 06:23:31,5,Atendimento Social
18516641,2023-04-01 09:39:19,128,Atendimento Social
18517315,2023-04-01 13:19:04,20,Atendimento Social
18517281,2023-04-01 13:04:53,17,Conselho Tutelar
18517805,2023-04-01 16:43:09,54,Semáforo
18518131,2023-04-01 19:13:17,65,Semáforo
18516456,2023-04-01 08:31:28,20,Semáforo
18518262,2023-04-01 20:22:22,132,Semáforo
18518395,2023-04-01 22:26:15,33,Semáforo
18517505,2023-04-01 14:35:45,51,Semáforo
18516625,2023-04-01 09:32:56,54,Semáforo
18516241,2023-04-01 00:40:21,141,Semáforo
18517833,2023-04-01 16:55:09,65,Semáforo
18516995,2023-04-01 11:27:00,86,Semáforo
18517226,2023-04-01 12:44:25,36,Semáforo
18516403,2023-04-01 08:11:00,36,Semáforo
18516557,2023-04-01 09:10:39,36,Semáforo
18516883,2023-04-01 10:50:55,41,Semáforo
18516458,2023-04-01 08:32:48,122,Semáforo
18517687,2023-04-01 16:00:14,36,Semáforo
18516413,2023-04-01 08:14:43,35,Semáforo
18517233,2023-04-01 12:45:34,7,Semáforo
18516637,2023-04-01 09:38:18,20,Semáforo
18516858,2023-04-01 10:39:04,139,Semáforo
18517674,2023-04-01 15:54:39,38,Semáforo
18517667,2023-04-01 15:49:03,33,Semáforo
18516508,2023-04-01 08:54:38,63,Semáforo
18518114,2023-04-01 19:07:40,116,Semáforo
18516320,2023-04-01 06:46:36,5,Semáforo
18517754,2023-04-01 16:24:31,35,Semáforo
18517729,2023-04-01 16:10:51,34,Semáforo
18517653,2023-04-01 15:42:36,61,Semáforo
18517211,2023-04-01 12:38:40,44,Semáforo
18517398,2023-04-01 13:50:47,149,Semáforo
18517605,2023-04-01 15:15:11,15,Semáforo
18516615,2023-04-01 09:29:07,122,Semáforo
18517682,2023-04-01 15:57:46,38,Semáforo
18517679,2023-04-01 15:56:48,33,Semáforo
18517224,2023-04-01 12:43:30,35,Semáforo
18517632,2023-04-01 15:32:05,35,Semáforo
18516399,2023-04-01 08:08:50,35,Semáforo
18516421,2023-04-01 08:19:04,35,Semáforo
18516927,2023-04-01 11:08:25,42,Semáforo
18516660,2023-04-01 09:46:36,33,Semáforo
18516325,2023-04-01 07:01:15,24,Semáforo
18516925,2023-04-01 11:08:11,35,Semáforo
18517975,2023-04-01 18:04:38,43,Semáforo
18517604,2023-04-01 15:14:49,53,Semáforo
18516918,2023-04-01 11:06:19,42,Semáforo
18518227,2023-04-01 20:03:44,53,Semáforo
18517725,2023-04-01 16:09:22,54,Semáforo
18516507,2023-04-01 08:54:21,64,Semáforo
18517663,2023-04-01 15:47:08,55,Semáforo
18517723,2023-04-01 16:08:27,125,Semáforo
18516364,2023-04-01 07:44:49,38,Semáforo
18516457,2023-04-01 08:32:22,122,Semáforo
18517402,2023-04-01 13:52:06,36,Semáforo
18517597,2023-04-01 15:11:57,63,Semáforo
18517155,2023-04-01 12:18:34,40,Semáforo
18517324,2023-04-01 13:21:59,42,Semáforo
18516936,2023-04-01 11:09:44,139,Semáforo
18518221,2023-04-01 20:01:59,56,Semáforo
18518014,2023-04-01 18:17:58,141,Semáforo
18518291,2023-04-01 20:40:00,37,Semáforo
18517184,2023-04-01 12:29:16,117,Semáforo
18517757,2023-04-01 16:24:57,124,Sinalização Gráfica
18517081,2023-04-01 11:54:50,50,Sinalização Gráfica
18516351,2023-04-01 07:31:19,88,Sinalização Gráfica
18517688,2023-04-01 16:00:29,4,Sinalização Gráfica
18517881,2023-04-01 17:18:50,63,Sinalização Gráfica
18517245,2023-04-01 12:49:01,40,Fiscalização Eletrônica
18517734,2023-04-01 16:13:01,138,Regulamentações Viárias
18518466,2023-04-01 23:44:31,20,Alvará
18518474,2023-04-01 23:49:57,20,Alvará
18518480,2023-04-01 23:57:40,33,Alvará
18518018,2023-04-01 18:20:10,33,Alvará
18518280,2023-04-01 20:33:22,33,Alvará
18517788,2023-04-01 16:36:15,45,Alvará
18516748,2023-04-01 10:08:50,100,Alvará
18516290,2023-04-01 05:02:55,132,Alvará
18518054,2023-04-01 18:38:26,5,Alvará
18517686,2023-04-01 15:59:55,75,Alvará
18518032,2023-04-01 18:27:04,127,Alvará
18517810,2023-04-01 16:45:26,83,Alvará
18518421,2023-04-01 22:58:08,83,Alvará
18518229,2023-04-01 20:05:13,128,Alvará
18518271,2023-04-01 20:27:28,128,Alvará
18516872,2023-04-01 10:47:02,122,Alvará
18518073,2023-04-01 18:45:48,128,Alvará
18516298,2023-04-01 06:00:38,151,Alvará
18516363,2023-04-01 07:43:20,20,Alvará
18518101,2023-04-01 19:00:44,89,Alvará
18517314,2023-04-01 13:18:43,,Alvará
18516208,2023-04-01 00:14:00,14,Ocupação de área pública
18517461,2023-04-01 14:20:42,69,Ocupação de área pública
18517629,2023-04-01 15:28:30,15,Ocupação de área pública
18517655,2023-04-01 15:42:53,5,Ocupação de área pública
18517879,2023-04-01 17:17:26,63,Ocupação de área pública
18516302,2023-04-01 06:08:26,151,Ocupação de área pública
18517544,2023-04-01 14:50:19,5,Ocupação de área pública
18517528,2023-04-01 14:44:49,33,Ocupação de área pública
18517416,2023-04-01 13:59:01,66,Ocupação de área pública
18517143,2023-04-01 12:15:31,74,Ocupação de área pública
18517815,2023-04-01 16:47:18,5,Ocupação de área pública
18517814,2023-04-01 16:47:03,15,Ocupação de área pública
18517608,2023-04-01 15:16:37,140,Ocupação de área pública
18517627,2023-04-01 15:27:54,5,Ocupação de área pública
18518048,2023-04-01 18:36:15,66,Ocupação de área pública
18517532,2023-04-01 14:45:47,66,Ocupação de área pública
18517698,2023-04-01 16:02:13,79,Ocupação de área pública
18518236,2023-04-01 20:08:35,63,Ocupação de área pública
18516776,2023-04-01 10:18:38,144,Ocupação de área pública
18516248,2023-04-01 00:58:48,141,Ocupação de área pública
18516268,2023-04-01 01:40:40,144,Ocupação de área pública
18516690,2023-04-01 09:54:01,115,Publicidade
18516808,2023-04-01 10:25:54,144,Publicidade
18518304,2023-04-01 20:54:06,5,Iluminação Pública
18517668,2023-04-01 15:49:36,21,Iluminação Pública
18518286,2023-04-01 20:37:06,33,Iluminação Pública
18518105,2023-04-01 19:02:42,25,Iluminação Pública
18516481,2023-04-01 08:44:00,86,Iluminação Pública
18518168,2023-04-01 19:34:10,90,Iluminação Pública
18518088,2023-04-01 18:53:21,101,Iluminação Pública
18518188,2023-04-01 19:44:55,49,Iluminação Pública
18518388,2023-04-01 22:19:18,99,Iluminação Pública
18518334,2023-04-01 21:15:34,89,Iluminação Pública
18516215,2023-04-01 00:17:06,122,Iluminação Pública
18518447,2023-04-01 23:24:51,146,Iluminação Pública
18516519,2023-04-01 08:56:43,139,Iluminação Pública
18517896,2023-04-01 17:26:48,144,Iluminação Pública
18518183,2023-04-01 19:42:41,141,Iluminação Pública
18516182,2023-04-01 00:00:55,144,Iluminação Pública
18518076,2023-04-01 18:46:51,140,Iluminação Pública
18518060,2023-04-01 18:40:58,143,Iluminação Pública
18517743,2023-04-01 16:18:06,17,Iluminação Pública
18518264,2023-04-01 20:23:17,122,Iluminação Pública
18517277,2023-04-01 13:03:40,138,Iluminação Pública
18518196,2023-04-01 19:49:04,26,Iluminação Pública
18516345,2023-04-01 07:26:48,25,Iluminação Pública
18518180,2023-04-01 19:41:45,49,Iluminação Pública
18517711,2023-04-01 16:05:35,150,Iluminação Pública
18516878,2023-04-01 10:49:16,5,Iluminação Pública
18517144,2023-04-01 12:15:41,75,Iluminação Pública
18517878,2023-04-01 17:16:37,144,Iluminação Pública
18518327,2023-04-01 21:10:41,82,Iluminação Pública
18518311,2023-04-01 21:02:47,83,Iluminação Pública
18516579,2023-04-01 09:18:22,141,Iluminação Pública
18516729,2023-04-01 10:03:00,122,Iluminação Pública
18518056,2023-04-01 18:39:37,144,Iluminação Pública
18518034,2023-04-01 18:28:05,121,Iluminação Pública
18516754,2023-04-01 10:11:48,99,Iluminação Pública
18517588,2023-04-01 15:08:37,18,Iluminação Pública
18516521,2023-04-01 08:57:09,83,Iluminação Pública
18517203,2023-04-01 12:36:56,75,Iluminação Pública
18516427,2023-04-01 08:23:40,144,Iluminação Pública
18516984,2023-04-01 11:23:39,143,Iluminação Pública
18518103,2023-04-01 19:01:01,141,Iluminação Pública
18518394,2023-04-01 22:25:53,141,Iluminação Pública
18518225,2023-04-01 20:03:25,145,Iluminação Pública
18518133,2023-04-01 19:14:05,12,Iluminação Pública
18517367,2023-04-01 13:38:47,83,Iluminação Pública
18516323,2023-04-01 06:56:14,61,Iluminação Pública
18518445,2023-04-01 23:22:17,121,Iluminação Pública
18516968,2023-04-01 11:19:49,141,Iluminação Pública
18518375,2023-04-01 22:01:36,144,Iluminação Pública
18517917,2023-04-01 17:38:14,33,Iluminação Pública
18518340,2023-04-01 21:25:53,63,Iluminação Pública
18517722,2023-04-01 16:08:22,75,Iluminação Pública
18516394,2023-04-01 08:05:21,48,Iluminação Pública
18518300,2023-04-01 20:50:16,127,Iluminação Pública
18516296,2023-04-01 05:33:28,139,Iluminação Pública
18517207,2023-04-01 12:37:52,75,Iluminação Pública
18516390,2023-04-01 08:03:48,48,Iluminação Pública
18516960,2023-04-01 11:18:17,141,Iluminação Pública
18517536,2023-04-01 14:46:59,143,Iluminação Pública
18517992,2023-04-01 18:10:29,144,Iluminação Pública
18518296,2023-04-01 20:48:40,11,Iluminação Pública
18517126,2023-04-01 12:10:08,31,Iluminação Pública
18518146,2023-04-01 19:18:39,38,Iluminação Pública
18516473,2023-04-01 08:42:37,77,Iluminação Pública
18517125,2023-04-01 12:09:16,107,Iluminação Pública
18517913,2023-04-01 17:34:36,61,Iluminação Pública
18517919,2023-04-01 17:38:42,61,Iluminação Pública
18518448,2023-04-01 23:25:10,107,Iluminação Pública
18518174,2023-04-01 19:38:44,144,Iluminação Pública
18517046,2023-04-01 11:43:08,151,Iluminação Pública
18516985,2023-04-01 11:23:55,111,Iluminação Pública
18518333,2023-04-01 21:14:52,34,Iluminação Pública
18518432,2023-04-01 23:08:32,41,Iluminação Pública
18518357,2023-04-01 21:39:11,128,Iluminação Pública
18516474,2023-04-01 08:42:47,143,Iluminação Pública
18516217,2023-04-01 00:18:31,115,Iluminação Pública
18517138,2023-04-01 12:13:57,31,Iluminação Pública
18516233,2023-04-01 00:34:11,76,Iluminação Pública
18517911,2023-04-01 17:33:05,61,Iluminação Pública
18518250,2023-04-01 20:15:49,66,Iluminação Pública
18518316,2023-04-01 21:05:02,90,Iluminação Pública
18517719,2023-04-01 16:07:52,116,Iluminação Pública
18517237,2023-04-01 12:46:40,115,Iluminação Pública
18518077,2023-04-01 18:47:08,149,Iluminação Pública
18517637,2023-04-01 15:33:58,151,Iluminação Pública
18516930,2023-04-01 11:08:48,90,Iluminação Pública
18518193,2023-04-01 19:47:44,144,Iluminação Pública
18518100,2023-04-01 19:00:17,149,Iluminação Pública
18516938,2023-04-01 11:09:56,144,Iluminação Pública
18518301,2023-04-01 20:51:00,144,Iluminação Pública
18517540,2023-04-01 14:49:14,147,Iluminação Pública
18518211,2023-04-01 19:57:31,46,Iluminação Pública
18517389,2023-04-01 13:48:25,42,Iluminação Pública
18518158,2023-04-01 19:26:36,145,Iluminação Pública
18518303,2023-04-01 20:53:56,46,Iluminação Pública
18517186,2023-04-01 12:31:20,72,Iluminação Pública
18517694,2023-04-01 16:01:20,132,Iluminação Pública
18517009,2023-04-01 11:30:30,132,Iluminação Pública
18518292,2023-04-01 20:42:09,76,Iluminação Pública
18518113,2023-04-01 19:07:30,5,Iluminação Pública
18517867,2023-04-01 17:08:58,34,Iluminação Pública
18518140,2023-04-01 19:16:32,26,Iluminação Pública
18518125,2023-04-01 19:11:31,55,Iluminação Pública
18518267,2023-04-01 20:26:34,61,Iluminação Pública
18517858,2023-04-01 17:05:25,108,Iluminação Pública
18518362,2023-04-01 21:47:09,44,Iluminação Pública
18518197,2023-04-01 19:49:19,76,Iluminação Pública
18518156,2023-04-01 19:25:15,77,Iluminação Pública
18516980,2023-04-01 11:22:43,81,Iluminação Pública
18516877,2023-04-01 10:49:09,42,Iluminação Pública
18518294,2023-04-01 20:44:21,59,Iluminação Pública
18516512,2023-04-01 08:55:19,109,Iluminação Pública
18517343,2023-04-01 13:29:38,124,Iluminação Pública
18517219,2023-04-01 12:42:30,128,Iluminação Pública
18518307,2023-04-01 20:55:35,127,Iluminação Pública
18516551,2023-04-01 09:08:55,142,Iluminação Pública
18517786,2023-04-01 16:36:05,141,Iluminação Pública
18516813,2023-04-01 10:26:57,141,Iluminação Pública
18517275,2023-04-01 13:02:42,144,Iluminação Pública
18517956,2023-04-01 17:55:02,141,Iluminação Pública
18518381,2023-04-01 22:08:29,25,Iluminação Pública
18518427,2023-04-01 23:05:58,25,Iluminação Pública
18518194,2023-04-01 19:47:51,26,Iluminação Pública
18516541,2023-04-01 09:05:05,132,Iluminação Pública
18518238,2023-04-01 20:09:26,144,Iluminação Pública
18518047,2023-04-01 18:35:38,25,Iluminação Pública
18518169,2023-04-01 19:35:12,26,Iluminação Pública
18518182,2023-04-01 19:42:40,44,Iluminação Pública
18517401,2023-04-01 13:51:21,50,Iluminação Pública
18517174,2023-04-01 12:24:41,50,Iluminação Pública
18518062,2023-04-01 18:41:12,49,Iluminação Pública
18518095,2023-04-01 18:58:17,50,Iluminação Pública
18517196,2023-04-01 12:34:28,50,Iluminação Pública
18516928,2023-04-01 11:08:34,140,Iluminação Pública
18518091,2023-04-01 18:54:16,140,Iluminação Pública
18518107,2023-04-01 19:03:45,142,Iluminação Pública
18518115,2023-04-01 19:07:51,144,Iluminação Pública
18517462,2023-04-01 14:21:16,149,Iluminação Pública
18517538,2023-04-01 14:47:20,128,Iluminação Pública
18518165,2023-04-01 19:33:26,144,Iluminação Pública
18516905,2023-04-01 11:02:18,151,Iluminação Pública
18518319,2023-04-01 21:07:28,26,Iluminação Pública
18518360,2023-04-01 21:41:17,25,Iluminação Pública
18518253,2023-04-01 20:17:03,54,Iluminação Pública
18517582,2023-04-01 15:06:42,100,Iluminação Pública
18516933,2023-04-01 11:09:18,110,Iluminação Pública
18518035,2023-04-01 18:28:18,25,Iluminação Pública
18517824,2023-04-01 16:52:19,29,Iluminação Pública
18516644,2023-04-01 09:39:45,122,Iluminação Pública
18518043,2023-04-01 18:34:10,25,Iluminação Pública
18518175,2023-04-01 19:39:10,44,Iluminação Pública
18516903,2023-04-01 10:59:45,109,Iluminação Pública
18518128,2023-04-01 19:11:44,130,Iluminação Pública
18517936,2023-04-01 17:46:13,135,Iluminação Pública
18518064,2023-04-01 18:41:44,144,Iluminação Pública
18516206,2023-04-01 00:12:48,68,Iluminação Pública
18517299,2023-04-01 13:11:00,119,Iluminação Pública
18518459,2023-04-01 23:38:10,149,Iluminação Pública
18518217,2023-04-01 20:00:32,31,Iluminação Pública
18517354,2023-04-01 13:34:29,45,Iluminação Pública
18516570,2023-04-01 09:15:27,84,Iluminação Pública
18516655,2023-04-01 09:45:18,150,Iluminação Pública
18518349,2023-04-01 21:35:27,149,Iluminação Pública
18517933,2023-04-01 17:44:20,151,Iluminação Pública
18516293,2023-04-01 05:29:45,142,Iluminação Pública
18517534,2023-04-01 14:45:58,99,Iluminação Pública
18518242,2023-04-01 20:11:55,75,Iluminação Pública
18517932,2023-04-01 17:42:54,150,Iluminação Pública
18518159,2023-04-01 19:27:37,46,Iluminação Pública
18518299,2023-04-01 20:50:13,151,Iluminação Pública
18518198,2023-04-01 19:49:30,146,Iluminação Pública
18518132,2023-04-01 19:13:39,148,Iluminação Pública
18517266,2023-04-01 12:58:52,116,Iluminação Pública
18516402,2023-04-01 08:09:57,148,Iluminação Pública
18516384,2023-04-01 07:59:43,149,Iluminação Pública
18518355,2023-04-01 21:38:28,149,Iluminação Pública
18517995,2023-04-01 18:11:12,151,Iluminação Pública
18518023,2023-04-01 18:21:27,144,Iluminação Pública
18518295,2023-04-01 20:46:26,151,Iluminação Pública
18518090,2023-04-01 18:53:41,146,Iluminação Pública
18517860,2023-04-01 17:06:37,141,Iluminação Pública
18517300,2023-04-01 13:11:07,149,Iluminação Pública
18518166,2023-04-01 19:33:30,140,Iluminação Pública
18517179,2023-04-01 12:25:58,151,Iluminação Pública
18516214,2023-04-01 00:16:42,148,Iluminação Pública
18517135,2023-04-01 12:13:08,122,Iluminação Pública
18517146,2023-04-01 12:16:00,144,Iluminação Pública
18517134,2023-04-01 12:13:08,141,Iluminação Pública
18517684,2023-04-01 15:59:19,144,Iluminação Pública
18518033,2023-04-01 18:27:15,144,Iluminação Pública
18517484,2023-04-01 14:29:51,150,Iluminação Pública
18518233,2023-04-01 20:07:18,150,Iluminação Pública
18517165,2023-04-01 12:21:12,151,Iluminação Pública
18517301,2023-04-01 13:11:25,150,Iluminação Pública
18518298,2023-04-01 20:50:00,140,Iluminação Pública
18518328,2023-04-01 21:11:00,145,Iluminação Pública
18516299,2023-04-01 06:04:31,150,Iluminação Pública
18516204,2023-04-01 00:10:15,33,Iluminação Pública
18516236,2023-04-01 00:37:04,115,Iluminação Pública
18518354,2023-04-01 21:37:42,128,Iluminação Pública
18516685,2023-04-01 09:53:20,99,Iluminação Pública
18518254,2023-04-01 20:17:41,144,Iluminação Pública
18516575,2023-04-01 09:17:30,89,Iluminação Pública
18518104,2023-04-01 19:01:01,24,Iluminação Pública
18517511,2023-04-01 14:38:48,151,Iluminação Pública
18517831,2023-04-01 16:54:50,63,Iluminação Pública
18517529,2023-04-01 14:44:52,151,Iluminação Pública
18518153,2023-04-01 19:23:05,24,Iluminação Pública
18518052,2023-04-01 18:37:39,144,Iluminação Pública
18517922,2023-04-01 17:39:12,106,Iluminação Pública
18517445,2023-04-01 14:13:10,42,Iluminação Pública
18518469,2023-04-01 23:47:12,107,Iluminação Pública
18518087,2023-04-01 18:53:11,45,Iluminação Pública
18518010,2023-04-01 18:16:54,55,Iluminação Pública
18516735,2023-04-01 10:04:39,80,Iluminação Pública
18518389,2023-04-01 22:19:31,141,Iluminação Pública
18518144,2023-04-01 19:18:09,150,Iluminação Pública
18518314,2023-04-01 21:04:48,42,Iluminação Pública
18516679,2023-04-01 09:52:02,149,Iluminação Pública
18517987,2023-04-01 18:07:44,141,Iluminação Pública
18517654,2023-04-01 15:42:42,52,Iluminação Pública
18518150,2023-04-01 19:22:16,151,Iluminação Pública
18516314,2023-04-01 06:35:40,33,Iluminação Pública
18517477,2023-04-01 14:27:58,128,Danos ao meio ambiente
18517133,2023-04-01 12:12:49,128,Danos ao meio ambiente
18516380,2023-04-01 07:56:17,132,Danos ao meio ambiente
18518400,2023-04-01 22:29:55,122,Danos ao meio ambiente
18517222,2023-04-01 12:43:03,119,Danos ao meio ambiente
18516935,2023-04-01 11:09:40,3,Danos ao meio ambiente
18516416,2023-04-01 08:17:24,94,Danos ao meio ambiente
18516932,2023-04-01 11:09:08,32,Danos ao meio ambiente
18517006,2023-04-01 11:30:17,15,Danos ao meio ambiente
18517351,2023-04-01 13:33:54,33,Danos ao meio ambiente
18518330,2023-04-01 21:13:12,33,Danos ao meio ambiente
18518005,2023-04-01 18:14:22,45,Danos ao meio ambiente
18518457,2023-04-01 23:36:30,132,Danos ao meio ambiente
18516441,2023-04-01 08:28:02,115,Danos ao meio ambiente
18516828,2023-04-01 10:32:03,127,Danos ao meio ambiente
18516728,2023-04-01 10:02:32,128,Danos ao meio ambiente
18516725,2023-04-01 10:01:51,132,Danos ao meio ambiente
18517633,2023-04-01 15:32:04,115,Danos ao meio ambiente
18517522,2023-04-01 14:42:20,49,Danos ao meio ambiente
18517703,2023-04-01 16:04:04,7,Danos ao meio ambiente
18517695,2023-04-01 16:01:50,7,Danos ao meio ambiente
18517718,2023-04-01 16:07:47,7,Danos ao meio ambiente
18517710,2023-04-01 16:05:22,7,Danos ao meio ambiente
18517628,2023-04-01 15:28:18,33,Poluição
18516317,2023-04-01 06:37:17,115,Poluição
18516801,2023-04-01 10:24:05,115,Poluição
18517713,2023-04-01 16:06:01,7,Poluição
18517714,2023-04-01 16:06:46,7,Poluição
18517307,2023-04-01 13:17:08,122,Estrutura de Imóvel
18516377,2023-04-01 07:55:25,5,Estrutura de Imóvel
18517228,2023-04-01 12:44:47,6,Estrutura de Imóvel
18517376,2023-04-01 13:42:29,72,Estrutura de Imóvel
18516756,2023-04-01 10:11:59,66,Estrutura de Imóvel
18516381,2023-04-01 07:56:32,10,Estrutura de Imóvel
18517210,2023-04-01 12:38:37,156,Estrutura de Imóvel
18518444,2023-04-01 23:17:35,118,Estrutura de Imóvel
18516520,2023-04-01 08:57:08,33,Estrutura de Imóvel
18517715,2023-04-01 16:07:00,156,Estrutura de Imóvel
18516628,2023-04-01 09:35:21,104,Estrutura de Imóvel
18516639,2023-04-01 09:38:57,82,Estrutura de Imóvel
18516780,2023-04-01 10:19:33,139,Estrutura de Imóvel
18516515,2023-04-01 08:55:57,33,Estrutura de Imóvel
18517473,2023-04-01 14:25:55,66,Geotecnia
18517371,2023-04-01 13:40:06,66,Geotecnia
18516430,2023-04-01 08:25:26,38,Geotecnia
18516887,2023-04-01 10:51:50,88,Proteção de animais
18517114,2023-04-01 12:05:57,132,Proteção de animais
18516558,2023-04-01 09:11:04,148,Proteção de animais
18518148,2023-04-01 19:20:58,122,Proteção de animais
18516357,2023-04-01 07:35:59,139,Proteção de animais
18517171,2023-04-01 12:23:44,49,Proteção de animais
18517853,2023-04-01 17:02:06,151,Proteção de animais
18516278,2023-04-01 03:09:08,121,Proteção de animais
18516721,2023-04-01 10:01:03,15,Fiscalização de obras
18516692,2023-04-01 09:54:19,15,Fiscalização de obras
18516264,2023-04-01 01:26:17,55,Fiscalização de obras
18516265,2023-04-01 01:26:35,55,Fiscalização de obras
18516881,2023-04-01 10:50:21,47,Fiscalização de obras
18516423,2023-04-01 08:20:58,69,Fiscalização de obras
18517593,2023-04-01 15:11:13,7,Fiscalização de obras
18516708,2023-04-01 09:58:13,89,Fiscalização de obras
18517258,2023-04-01 12:54:42,132,Fiscalização de obras
18517249,2023-04-01 12:51:17,132,Fiscalização de obras
18516797,2023-04-01 10:23:28,115,Fiscalização de obras
18516834,2023-04-01 10:33:46,116,Fiscalização de obras
18516378,2023-04-01 07:55:47,116,Fiscalização de obras
18516866,2023-04-01 10:42:41,141,Fiscalização de obras
18516358,2023-04-01 07:38:46,144,Fiscalização de obras
18517625,2023-04-01 15:27:09,139,Fiscalização de obras
18516714,2023-04-01 09:59:30,144,Fiscalização de obras
18516371,2023-04-01 07:49:47,144,Fiscalização de obras
18517868,2023-04-01 17:10:01,144,Fiscalização de obras
18516405,2023-04-01 08:11:25,110,Fiscalização de obras
18518129,2023-04-01 19:12:11,5,Cópia de Projetos
18516852,2023-04-01 10:38:01,147,Zoonoses
18517882,2023-04-01 17:19:33,142,Zoonoses
18517173,2023-04-01 12:24:29,59,Zoonoses
18516376,2023-04-01 07:54:56,151,Zoonoses
18516292,2023-04-01 05:26:00,26,Zoonoses
18518260,2023-04-01 20:19:46,106,Alimentos e estabelecimentos de ensino
18517726,2023-04-01 16:09:51,144,Alimentos e estabelecimentos de ensino
18517048,2023-04-01 11:43:19,75,Alimentos e estabelecimentos de ensino
18517012,2023-04-01 11:30:49,75,Alimentos e estabelecimentos de ensino
18517517,2023-04-01 14:40:44,90,Alimentos e estabelecimentos de ensino
18517506,2023-04-01 14:36:03,90,Alimentos e estabelecimentos de ensino
18516550,2023-04-01 09:08:52,119,Alimentos e estabelecimentos de ensino
18516798,2023-04-01 10:23:53,144,Alimentos e estabelecimentos de ensino
18516977,2023-04-01 11:22:07,24,Alimentos e estabelecimentos de ensino
18517809,2023-04-01 16:45:10,37,Alimentos e estabelecimentos de ensino
18517799,2023-04-01 16:39:55,45,Alimentos e estabelecimentos de ensino
18517272,2023-04-01 13:02:11,119,Alimentos e estabelecimentos de ensino
18517251,2023-04-01 12:51:34,17,Alimentos e estabelecimentos de ensino
18517807,2023-04-01 16:43:49,83,Alimentos e estabelecimentos de ensino
18517077,2023-04-01 11:53:53,104,Alimentos e estabelecimentos de ensino
18517124,2023-04-01 12:08:58,128,Estabelecimentos e Serviços de Saúde
18517854,2023-04-01 17:03:50,33,Fiscalização de obras
18516492,2023-04-01 08:50:05,148,Pavimentação
18518245,2023-04-01 20:13:55,153,Pavimentação
18516440,2023-04-01 08:27:59,61,Pavimentação
18516990,2023-04-01 11:24:44,70,Pavimentação
18517175,2023-04-01 12:24:44,122,Pavimentação
18516395,2023-04-01 08:06:00,115,Pavimentação
18517168,2023-04-01 12:21:57,141,Pavimentação
18516297,2023-04-01 05:40:23,139,Pavimentação
18518222,2023-04-01 20:02:21,141,Pavimentação
18517246,2023-04-01 12:50:08,144,Pavimentação
18518085,2023-04-01 18:52:30,70,Drenagem e Saneamento
18518215,2023-04-01 20:00:24,71,Drenagem e Saneamento
18516412,2023-04-01 08:13:49,141,Drenagem e Saneamento
18517874,2023-04-01 17:13:41,141,Drenagem e Saneamento
18517498,2023-04-01 14:34:08,144,Vias públicas
18517619,2023-04-01 15:24:27,141,Vias públicas
18517617,2023-04-01 15:22:39,141,Vias públicas
18516998,2023-04-01 11:27:32,141,Vias públicas
18516799,2023-04-01 10:23:54,144,Vias públicas
18517036,2023-04-01 11:39:32,141,Estacionamento irregular
18517830,2023-04-01 16:54:36,74,Manejo Arbóreo
18516860,2023-04-01 10:40:06,121,Manejo Arbóreo
18516569,2023-04-01 09:14:56,20,Manejo Arbóreo
18517664,2023-04-01 15:47:26,33,Manejo Arbóreo
18516907,2023-04-01 11:02:56,48,Manejo Arbóreo
18516804,2023-04-01 10:25:10,89,Manejo Arbóreo
18516732,2023-04-01 10:03:22,132,Manejo Arbóreo
18517712,2023-04-01 16:05:36,132,Manejo Arbóreo
18516839,2023-04-01 10:34:40,37,Manejo Arbóreo
18516844,2023-04-01 10:36:09,144,Iluminação Pública
18516609,2023-04-01 09:26:39,144,Pavimentação
18516230,2023-04-01 00:31:53,161,Perturbação do sossego
18518287,2023-04-01 20:37:18,,Ouvidoria SMTR
18516973,2023-04-01 11:20:52,,Postos de Saúde (PS)
18518117,2023-04-01 19:08:28,,Diversos - Comlurb
18516871,2023-04-01 10:46:56,101,Limpeza e manutenção de praças e parques
18516584,2023-04-01 09:20:00,,Iluminação Pública
18516571,2023-04-01 09:16:32,,Saúde
18518011,2023-04-01 18:17:19,151,Iluminação Pública
18516983,2023-04-01 11:23:22,,Ouvidoria SMTR
18517984,2023-04-01 18:06:57,,Gestão escolar
18516287,2023-04-01 04:37:55,149,Hospitais (HM)
18517601,2023-04-01 15:12:59,,Sistema Nacional de Regulação (SISREG)
18516240,2023-04-01 00:40:09,114,Iluminação Pública
18518210,2023-04-01 19:57:20,156,Remoção Gratuita
18517200,2023-04-01 12:35:39,144,Manejo Arbóreo
18516618,2023-04-01 09:29:48,144,Iluminação Pública
18517769,2023-04-01 16:30:27,109,Pavimentação
18516367,2023-04-01 07:48:03,146,Diversos - Comlurb
18517052,2023-04-01 11:44:26,,Diversos - Comlurb
18518396,2023-04-01 22:26:57,17,Perturbação do sossego
18516846,2023-04-01 10:36:23,,Clínicas da Família (CF)
18517832,2023-04-01 16:54:56,,MEIO AMBIENTE
18517042,2023-04-01 11:42:07,106,Manejo Arbóreo
18517452,2023-04-01 14:18:01,124,Iluminação Pública
18516343,2023-04-01 07:24:42,142,Iluminação Pública
18518237,2023-04-01 20:09:07,,Ouvidoria SMTR
18516959,2023-04-01 11:17:33,78,Limpeza de logradouros
18518429,2023-04-01 23:07:06,33,Limpeza de logradouros
18516991,2023-04-01 11:25:22,,Sistema Nacional de Regulação (SISREG)
18517631,2023-04-01 15:30:08,144,Diversos - Comlurb
18516197,2023-04-01 00:07:11,33,Limpeza de logradouros
18518134,2023-04-01 19:14:42,144,Iluminação Pública
18518145,2023-04-01 19:18:37,104,Coleta Seletiva
18518266,2023-04-01 20:25:11,89,Pavimentação
18518452,2023-04-01 23:30:28,76,Iluminação Pública
18517153,2023-04-01 12:18:05,33,Ouvidoria - CLF
18516899,2023-04-01 10:57:45,3,Ouvidoria SMH
18518050,2023-04-01 18:37:08,,Hospitais (HM)
18518282,2023-04-01 20:34:35,,Diversos - Comlurb
18516961,2023-04-01 11:18:17,,Clínicas da Família (CF)
18517744,2023-04-01 16:18:25,106,Drenagem e Saneamento
18518190,2023-04-01 19:46:06,144,Iluminação Pública
18517591,2023-04-01 15:09:58,,Saúde da Família
18518252,2023-04-01 20:16:36,,Hospitais (HM)
18517430,2023-04-01 14:07:11,,Rio Saúde - UPAs 
18517961,2023-04-01 17:58:42,,Manutenção de iluminação pública
